price,brand,title,category
1.2,Amita,Motion  330ml,Αναψυκτικά - Χυμοί
2.5,Amita,Motion  1lt,Αναψυκτικά - Χυμοί
2.4,Amita,Πορτοκάλι Μήλο Βερύκκοκο  1lt,Αναψυκτικά - Χυμοί
1,Amita,Πορτοκάλι Μήλο Βερύκκοκο  250ml,Αναψυκτικά - Χυμοί
1.2,Amita,Μήλο Πορτοκάλι Καρότο  330ml,Αναψυκτικά - Χυμοί
1.2,Amita,Νέκταρ  330ml,Αναψυκτικά - Χυμοί
2.4,Amita,Νέκταρ  1lt,Αναψυκτικά - Χυμοί
2.4,Amita,Λεμόνι  1lt,Αναψυκτικά - Χυμοί
1,Amita,Βύσσινο  250ml,Αναψυκτικά - Χυμοί
2.4,Amita,Βύσσινο  1lt,Αναψυκτικά - Χυμοί
2.4,Αmita,Πορτοκάλι  1lt,Αναψυκτικά - Χυμοί
2.4,Amita,Ροδάκινο  1lt,Αναψυκτικά - Χυμοί
1,Amita,Ροδάκινο Νέκταρ  250ml,Αναψυκτικά - Χυμοί
1.6,Nescafe,Black Ice  250ml,Αναψυκτικά - Χυμοί
0.9,Coca Cola,Κουτάκι  330ml,Αναψυκτικά - Χυμοί
2,Coca Cola,"Μπουκάλι  1,5lt",Αναψυκτικά - Χυμοί
1.2,Coca Cola,Μπουκάλι  500ml,Αναψυκτικά - Χυμοί
2,Coca Cola,"Light Μπουκάλι  1,5lt",Αναψυκτικά - Χυμοί
1.2,Coca Cola,Light Μπουκάλι  500ml,Αναψυκτικά - Χυμοί
0.9,Coca Cola,Light Κουτάκι  330ml,Αναψυκτικά - Χυμοί
2,Coca Cola,"Zero Μπουκάλι  1,5lt",Αναψυκτικά - Χυμοί
1.2,Coca Cola,Zero Μπουκάλι  500ml,Αναψυκτικά - Χυμοί
0.9,Coca Cola,Zero Κουτάκι  330ml,Αναψυκτικά - Χυμοί
0.9,Fanta,Λεμόνι Κουτάκι  330ml,Αναψυκτικά - Χυμοί
1.2,Fanta,Λεμόνι Μπουκάλι  500ml,Αναψυκτικά - Χυμοί
2,Fanta,"Λεμόνι Μπουκάλι  1,5lt",Αναψυκτικά - Χυμοί
0.9,Fanta,Μπλέ Κουτάκι  330ml,Αναψυκτικά - Χυμοί
1.2,Fanta,Μπλέ Μπουκάλι  500ml,Αναψυκτικά - Χυμοί
0.9,Fanta,Πορτοκάλι Κουτάκι  330ml,Αναψυκτικά - Χυμοί
1.2,Fanta,Πορτοκάλι Μπουκάλι  500ml,Αναψυκτικά - Χυμοί
2,Fanta,"Πορτοκάλι Μπουκάλι  1,5lt",Αναψυκτικά - Χυμοί
2,Frulite,On The Go Ροδάκινο-Πορτοκάλι Pet  500ml,Αναψυκτικά - Χυμοί
2,Frulite,On The Go Πορτοκάλι-Βερύκκοκο Pet  500ml,Αναψυκτικά - Χυμοί
,,,Αναψυκτικά - Χυμοί
2.4,Frulite,Ανανάς Καρύδα  1lt,Αναψυκτικά - Χυμοί
1.2,Frulite,Ανανάς Καρύδα  330ml,Αναψυκτικά - Χυμοί
2.4,Frulite,Βύσσινο Μάνγκο  1lt,Αναψυκτικά - Χυμοί
1.2,Frulite,Βύσσινο Μάνγκο  330ml,Αναψυκτικά - Χυμοί
2.4,Frulite,Καρότο Φρούτα  1lt,Αναψυκτικά - Χυμοί
1.2,Frulite,Καρότο Πορτοκάλι Μάνγκο  330ml,Αναψυκτικά - Χυμοί
2.4,Frulite,Μανταρίνι Σαγκουίνι  1lt,Αναψυκτικά - Χυμοί
1.2,Frulite,Μανταρίνι Σαγκουίνι  330ml,Αναψυκτικά - Χυμοί
2.4,Frulite,Μπανάνα Βύσσινο  1lt,Αναψυκτικά - Χυμοί
1.2,Frulite,Μπανάνα Βύσσινο  330ml,Αναψυκτικά - Χυμοί
1.2,Frulite,Πορτοκάλι 100% Φυσικός  330ml,Αναψυκτικά - Χυμοί
2.4,Frulite,Πορτοκάλι 100% Φυσικός  1lt,Αναψυκτικά - Χυμοί
2.4,Frulite,Ροδάκινο  1lt,Αναψυκτικά - Χυμοί
1.3,Frulite,Ροδάκινο  330ml,Αναψυκτικά - Χυμοί
2.4,Frulite,Φράουλα  1lt,Αναψυκτικά - Χυμοί
1.2,Frulite,Φράουλα  330ml,Αναψυκτικά - Χυμοί
1,Hell,Energy Drink  250ml,Αναψυκτικά - Χυμοί
1.6,Jacobs,Ice Presso 250ml,Αναψυκτικά - Χυμοί
1.3,Life,Βυσσινάδα  330ml,Αναψυκτικά - Χυμοί
1.3,Life,Καρότο Μήλο Πορτοκάλι  330ml,Αναψυκτικά - Χυμοί
2.8,Life,9 Fruits Χάρτινη Συσκ.  1lt,Αναψυκτικά - Χυμοί
1.2,Life,9 Fruits  330ml,Αναψυκτικά - Χυμοί
1.7,Life,Tea Πράσινο Τσάι Ρόδι Κράνμπ.  500ml,Αναψυκτικά - Χυμοί
3.5,Life,Καλημέρα Πορτοκάλι Μπουκάλι  1lt,Αναψυκτικά - Χυμοί
1.7,Life,Κρανμπ-Ρασμπ-Μπλουμπ Μπουκάλι  400ml,Αναψυκτικά - Χυμοί
3.5,Life,Κρανμπ-Ρασμπ-Μπλουμπ Μπουκάλι  1lt,Αναψυκτικά - Χυμοί
1.7,Life,Μανταρίνι Πορτοκάλι  400ml,Αναψυκτικά - Χυμοί
3.5,Life,Μήλο Πορτοκάλι Καρότο Μπουκάλι  1lt,Αναψυκτικά - Χυμοί
1.7,Life,Μήλο Πορτοκάλι Καρότο Μπουκάλι  400ml,Αναψυκτικά - Χυμοί
3.5,Life,Σταφύλι Πορτοκάλι Ρόδι Μπουκάλι  1lt,Αναψυκτικά - Χυμοί
1.7,Life,Σταφύλι Πορτοκάλι Ρόδι Μπουκάλι  400ml,Αναψυκτικά - Χυμοί
1.7,Life,Πορτοκάλι Γκρέιπφρουτ Σαγκουίνι  400ml,Αναψυκτικά - Χυμοί
1.3,Life,Πορτοκάλι Μήλο Βερίκοκο  330ml,Αναψυκτικά - Χυμοί
3.5,Life,Πορτοκάλι Μπουκάλι  1lt,Αναψυκτικά - Χυμοί
1.7,Life,Πορτοκάλι Μπουκάλι  400ml,Αναψυκτικά - Χυμοί
1.3,Life,Ροδάκινο Χάρτινη Συσκ.  330ml,Αναψυκτικά - Χυμοί
3.5,Life,Ροδάκινο Μήλο Μπουκάλι  1lt,Αναψυκτικά - Χυμοί
1.7,Life,Ροδάκινο Μήλο Μπουκάλι  400ml,Αναψυκτικά - Χυμοί
1.7,Life,Τσάι Πράσινο Μήλο  500ml,Αναψυκτικά - Χυμοί
1.7,Life,Τσάι Λεμόνι  500ml,Αναψυκτικά - Χυμοί
1.7,Life,Τσάι Ροδάκινο  500ml,Αναψυκτικά - Χυμοί
1.7,Lipton,Ice Tea Green N.Sugar  500ml,Αναψυκτικά - Χυμοί
1.6,Lipton,Ice Tea Peach N.Sugar  500ml,Αναψυκτικά - Χυμοί
1.6,Lipton,Ice Tea Λεμόνι  500ml,Αναψυκτικά - Χυμοί
1.5,Lipton,Ice Tea Ροδάκι  500ml,Αναψυκτικά - Χυμοί
1.6,Lipton,Πράσινο Τσάι Με Λεμόνι  500ml,Αναψυκτικά - Χυμοί
1.4,Lucozate,Energy Orange 1lt,Αναψυκτικά - Χυμοί
2,Monster,Rehab  500ml,Αναψυκτικά - Χυμοί
2,Monster,Ripper  500ml,Αναψυκτικά - Χυμοί
2,Monster,Πράσινο  500ml,Αναψυκτικά - Χυμοί
2,Monster,Χωρίς Ζάχαρη  500ml,Αναψυκτικά - Χυμοί
1.6,Nestea,Lemon  500ml,Αναψυκτικά - Χυμοί
1.6,Nestea,Peach  500ml,Αναψυκτικά - Χυμοί
1.8,Nestea,Τσάι Λεμόνι Sugar Free  500ml,Αναψυκτικά - Χυμοί
1.8,Nestea,Passion Fruit Sugar Free  500ml,Αναψυκτικά - Χυμοί
1.3,Perrier,Lemon  330ml,Αναψυκτικά - Χυμοί
2,Powerade,Μπλέ  ,Αναψυκτικά - Χυμοί
2,Red Bull,Χωρίς Ζάχαρη  250ml,Αναψυκτικά - Χυμοί
1.8,Red Bull,Κουτάκι 250ml,Αναψυκτικά - Χυμοί
2.6,Red Bull,Μεγάλο 355ml,Αναψυκτικά - Χυμοί
2,Red Bull,Blue Μυρτιλο  250ml,Αναψυκτικά - Χυμοί
2,Red Bull,Red Βατόμουρο  250ml,Αναψυκτικά - Χυμοί
2,Sprite,"Μπουκάλι 1,5lt",Αναψυκτικά - Χυμοί
0.9,Sprite,Κουτάκι 330ml,Αναψυκτικά - Χυμοί
1.2,Sprite,Μπουκάλι 500ml,Αναψυκτικά - Χυμοί
0.9,Tuborg,Tonic Κουτί  330ml,Αναψυκτικά - Χυμοί
0.9,Tuborg,Σόδα Κουτί  330ml,Αναψυκτικά - Χυμοί
1,Vikos,Πορτοκάλι  330ml,Αναψυκτικά - Χυμοί
1,Σουρωτή,Γυάλινο Μπουκάλι 250ml,Αναψυκτικά - Χυμοί
1,Schweppes,Σόδα  330ml,Αναψυκτικά - Χυμοί
1,Λούξ,Πορτοκαλάδα  330ml,Αναψυκτικά - Χυμοί
1,Λούξ,Λεμονίτα  330ml,Αναψυκτικά - Χυμοί
1,Λούξ,Βυσσινάδα  330ml,Αναψυκτικά - Χυμοί
1,Βίκος,Λεμονάδα  330ml,Αναψυκτικά - Χυμοί
0.7,Αυρα,Νερό Pet  750ml,Αναψυκτικά - Χυμοί
1,Ζαγόρι,"Μπουκάλι Νερό  1,5lt",Αναψυκτικά - Χυμοί
1,3Bit,Choco Bar,Σοκολάτες - Γκοφρέτες - Σοκολατάκια
0.5,3Bit,Γκοφρέτα  31γρ.,Σοκολάτες - Γκοφρέτες - Σοκολατάκια
0.3,7Days,Sweet Thing,Σοκολάτες - Γκοφρέτες - Σοκολατάκια
0.8,Amaretti,Γκοφρέτα Κουτί  68γρ.,Σοκολάτες - Γκοφρέτες - Σοκολατάκια
1.5,Amaretti,Σακούλα  135γρ.,Σοκολάτες - Γκοφρέτες - Σοκολατάκια
0.8,Bounty,Σοκολάτα 57γρ.,Σοκολάτες - Γκοφρέτες - Σοκολατάκια
1.8,Break,Αμυγδάλου  85γρ.,Σοκολάτες - Γκοφρέτες - Σοκολατάκια
1.8,Break,Γάλακτος  85γρ.,Σοκολάτες - Γκοφρέτες - Σοκολατάκια
1.8,Break,Λευκή Σοκολάτα  85γρ.,Σοκολάτες - Γκοφρέτες - Σοκολατάκια
1.8,Break,Με Φουντούκια  85γρ.,Σοκολάτες - Γκοφρέτες - Σοκολατάκια
1.8,Break,Ξηροί Καρποί Μωβ,Σοκολάτες - Γκοφρέτες - Σοκολατάκια
1.8,Break,Σοκοφρέτα  100γρ.,Σοκολάτες - Γκοφρέτες - Σοκολατάκια
0.2,7Days,Cake Bar Βανίλια,Σοκολάτες - Γκοφρέτες - Σοκολατάκια
0.2,7Days,Cake Bar Σοκολάτα,Σοκολάτες - Γκοφρέτες - Σοκολατάκια
1.7,Crunch,Μπλέ  100γρ.,Σοκολάτες - Γκοφρέτες - Σοκολατάκια
1.7,Crunch,Σοκολάτα Λευκή  100γρ.,Σοκολάτες - Γκοφρέτες - Σοκολατάκια
0.5,Derby,Caramel 38γρ.,Σοκολάτες - Γκοφρέτες - Σοκολατάκια
0.5,Derby,Nougat 38γρ.,Σοκολάτες - Γκοφρέτες - Σοκολατάκια
0.5,Derby,Γκοφρέτα  38γρ.,Σοκολάτες - Γκοφρέτες - Σοκολατάκια
0.5,Derby,Υγείας  38γρ.,Σοκολάτες - Γκοφρέτες - Σοκολατάκια
1,Ferrero Rocher,3 Τεμάχια,Σοκολάτες - Γκοφρέτες - Σοκολατάκια
1,Finetti,Wafer Sticks Mini  100γρ.,Σοκολάτες - Γκοφρέτες - Σοκολατάκια
1,Finetti,Sticks Πραλίνα  140γρ.,Σοκολάτες - Γκοφρέτες - Σοκολατάκια
,,,Σοκολάτες - Γκοφρέτες - Σοκολατάκια
1.9,Ιον,Dark Super Fruits,Σοκολάτες - Γκοφρέτες - Σοκολατάκια
1.9,Ιον,Dark Αμύγδαλα & Αλατισμένη Καραμέλα,Σοκολάτες - Γκοφρέτες - Σοκολατάκια
1.9,Ιον,Dark Κλασσική,Σοκολάτες - Γκοφρέτες - Σοκολατάκια
5.2,Ιον,Αμυγδάλου  300γρ.,Σοκολάτες - Γκοφρέτες - Σοκολατάκια
1.8,Ιον,Αμυγδάλου  100γρ.,Σοκολάτες - Γκοφρέτες - Σοκολατάκια
1.5,Ιον,Αμυγδάλου  75γρ.,Σοκολάτες - Γκοφρέτες - Σοκολατάκια
0.7,Ιον,Αμυγδάλου  30γρ.,Σοκολάτες - Γκοφρέτες - Σοκολατάκια
1.8,Ιον,Αμυγδάλου Λευκή Σοκολάτα,Σοκολάτες - Γκοφρέτες - Σοκολατάκια
1.8,Ιον,Αμυγδάλου Με Καραμελομένα Αμύγδαλα,Σοκολάτες - Γκοφρέτες - Σοκολατάκια
1.6,Ιον,Αμυγδάλου Στέβια,Σοκολάτες - Γκοφρέτες - Σοκολατάκια
3.5,Ιον,Γάλακτος   200γρ.,Σοκολάτες - Γκοφρέτες - Σοκολατάκια
1.8,Ιον,Γάλακτος  100γρ.,Σοκολάτες - Γκοφρέτες - Σοκολατάκια
1.5,Ιον,Γάλακτος  75γρ.,Σοκολάτες - Γκοφρέτες - Σοκολατάκια
0.7,Ιον,Γάλακτος  30γρ.,Σοκολάτες - Γκοφρέτες - Σοκολατάκια
1.6,Ιον,Γάλακτος Στέβια ,Σοκολάτες - Γκοφρέτες - Σοκολατάκια
0.5,Ιον,Σοκοφρέτα Σοκολάτα  38γρ.,Σοκολάτες - Γκοφρέτες - Σοκολατάκια
0.5,Ιον,Σοκοφρέτα Υγείας  38γρ.,Σοκολάτες - Γκοφρέτες - Σοκολατάκια
0.5,Ιον,Σοκοφρέτα Φουντούκι  38γρ.,Σοκολάτες - Γκοφρέτες - Σοκολατάκια
0.5,Ιον,Σοκοφρέτα Φράουλα  38γρ.,Σοκολάτες - Γκοφρέτες - Σοκολατάκια
0.5,Ιον,Σοκοφρέτα Λευκή  38γρ.,Σοκολάτες - Γκοφρέτες - Σοκολατάκια
0.8,Ιον,Σοκοφρέτα Κόκκινη,Σοκολάτες - Γκοφρέτες - Σοκολατάκια
0.8,Ιον,Σοκοφρέτα Πράσινη,Σοκολάτες - Γκοφρέτες - Σοκολατάκια
0.8,Ιον,Σοκοφρετίνια  50γρ.,Σοκολάτες - Γκοφρέτες - Σοκολατάκια
5.2,Ιον,Φουντούκι  270γρ.,Σοκολάτες - Γκοφρέτες - Σοκολατάκια
3.5,Ιον,Φουντούκι  200γρ.,Σοκολάτες - Γκοφρέτες - Σοκολατάκια
1.7,Ιον,Join Gianduja 85γρ.,Σοκολάτες - Γκοφρέτες - Σοκολατάκια
1.7,Ιον,Join Αμύγδαλα 85γρ.,Σοκολάτες - Γκοφρέτες - Σοκολατάκια
1.7,Ιον,Join Βάφλα 85γρ.,Σοκολάτες - Γκοφρέτες - Σοκολατάκια
1.7,Ιον,Join Καραμέλα 85γρ.,Σοκολάτες - Γκοφρέτες - Σοκολατάκια
1.7,Ιον,Join Μπισκότο 85γρ.,Σοκολάτες - Γκοφρέτες - Σοκολατάκια
1.7,Ιον,Join Two 85γρ.,Σοκολάτες - Γκοφρέτες - Σοκολατάκια
1,Kinder,Bueno 43γρ.,Σοκολάτες - Γκοφρέτες - Σοκολατάκια
1,Kinder,Bueno White 43γρ.,Σοκολάτες - Γκοφρέτες - Σοκολατάκια
0.5,Kinder,Delice 42γρ.,Σοκολάτες - Γκοφρέτες - Σοκολατάκια
1,Kinder,Joy Καλοκαιρινό Αυγό  20γρ.,Σοκολάτες - Γκοφρέτες - Σοκολατάκια
1,Kinder,Αυγό Έκπληξη  20γρ.,Σοκολάτες - Γκοφρέτες - Σοκολατάκια
1,Kinder,Σοκολάτα Bars 100γρ.,Σοκολάτες - Γκοφρέτες - Σοκολατάκια
0.5,Kiss,Γάλα/Φράουλα  26γρ.,Σοκολάτες - Γκοφρέτες - Σοκολατάκια
3.5,Lacta,Big Time Choc & Waffle,Σοκολάτες - Γκοφρέτες - Σοκολατάκια
1.7,Lacta,Biscotto  87γρ.,Σοκολάτες - Γκοφρέτες - Σοκολατάκια
3,Lacta,Cake Choco Chips  140γρ.,Σοκολάτες - Γκοφρέτες - Σοκολατάκια
3,Lacta,Cake Choco Heart  175γρ.,Σοκολάτες - Γκοφρέτες - Σοκολατάκια
1.7,Lacta,Cracker  87γρ.,Σοκολάτες - Γκοφρέτες - Σοκολατάκια
1,Lacta,Love'it Chok N' Cake,Σοκολάτες - Γκοφρέτες - Σοκολατάκια
1.7,Lacta,Love'it Oreo N' Cream,Σοκολάτες - Γκοφρέτες - Σοκολατάκια
1.7,Lacta,Love'it Choc N' Choc,Σοκολάτες - Γκοφρέτες - Σοκολατάκια
1.7,Lacta,Love'it Waffle N' Praline,Σοκολάτες - Γκοφρέτες - Σοκολατάκια
1.7,Lacta,Love'it Choc N' Biscuits,Σοκολάτες - Γκοφρέτες - Σοκολατάκια
1.7,Lacta ,Melty Bisco Fudge,Σοκολάτες - Γκοφρέτες - Σοκολατάκια
1.7,Lacta,Merenda,Σοκολάτες - Γκοφρέτες - Σοκολατάκια
0.9,Lacta,Oreo Bar  44γρ.,Σοκολάτες - Γκοφρέτες - Σοκολατάκια
0.9,Lacta ,Tuffee Nut  44γρ.,Σοκολάτες - Γκοφρέτες - Σοκολατάκια
1.5,Lacta,Αμυγδάλου  85γρ.,Σοκολάτες - Γκοφρέτες - Σοκολατάκια
0.7,Lacta,Γάλακτος  30γρ.,Σοκολάτες - Γκοφρέτες - Σοκολατάκια
1.3,Lacta,Γάλακτος  60γρ.,Σοκολάτες - Γκοφρέτες - Σοκολατάκια
1.7,Lacta,Γάλακτος  85γρ.,Σοκολάτες - Γκοφρέτες - Σοκολατάκια
0.5,Lacta,Γκοφρέτα,Σοκολάτες - Γκοφρέτες - Σοκολατάκια
1.5,Lacta,Καραμέλα  85γρ.,Σοκολάτες - Γκοφρέτες - Σοκολατάκια
1.7,Lacta,Κρέμα Καραμέλα & Ρευστή Καραμέλα  100γρ.,Σοκολάτες - Γκοφρέτες - Σοκολατάκια
1.7,Lacta,Φράουλα & Γιαούρτι  100γρ.,Σοκολάτες - Γκοφρέτες - Σοκολατάκια
0.9,Lila Pause,Φράουλα  34γρ.,Σοκολάτες - Γκοφρέτες - Σοκολατάκια
0.9,Μ&Μ's,Choco  45γρ.,Σοκολάτες - Γκοφρέτες - Σοκολατάκια
0.9,M&M's,Φυστίκι  45γρ.,Σοκολάτες - Γκοφρέτες - Σοκολατάκια
0.9,Maltesers,Bag  37γρ.,Σοκολάτες - Γκοφρέτες - Σοκολατάκια
1,Mars,Chocolate Bar  70γρ.,Σοκολάτες - Γκοφρέτες - Σοκολατάκια
0.9,Mars,Bars  51γρ.,Σοκολάτες - Γκοφρέτες - Σοκολατάκια
1.6,Milka,Caramel  100γρ.,Σοκολάτες - Γκοφρέτες - Σοκολατάκια
1.6,Milka,Coffee Cream  100γρ.,Σοκολάτες - Γκοφρέτες - Σοκολατάκια
1.6,Milka,Daim  100γρ.,Σοκολάτες - Γκοφρέτες - Σοκολατάκια
1.6,Milka,Happy Cows  100γρ.,Σοκολάτες - Γκοφρέτες - Σοκολατάκια
1.6,Milka ,Noisette  100γρ.,Σοκολάτες - Γκοφρέτες - Σοκολατάκια
1.6,Milka,Oreo  100γρ.,Σοκολάτες - Γκοφρέτες - Σοκολατάκια
1.6,Milka,Rasberry  100γρ.,Σοκολάτες - Γκοφρέτες - Σοκολατάκια
1.6,Milka,Whole Hazelnut  100γρ.,Σοκολάτες - Γκοφρέτες - Σοκολατάκια
1.6,Milka,Φράουλα  100γρ.,Σοκολάτες - Γκοφρέτες - Σοκολατάκια
0.5,Milka,Way Crispy Rolls  25γρ.,Σοκολάτες - Γκοφρέτες - Σοκολατάκια
0.8,Rocket-Pie,Γκοφρέτα  70γρ.,Σοκολάτες - Γκοφρέτες - Σοκολατάκια
1.5,Serano,Σοκολάτα  65γρ.,Σοκολάτες - Γκοφρέτες - Σοκολατάκια
1,Snickers,Chocolate Bar 80γρ.,Σοκολάτες - Γκοφρέτες - Σοκολατάκια
0.9,Twix,Bar  58γρ.,Σοκολάτες - Γκοφρέτες - Σοκολατάκια
0.9,Twix,White Bar 58γρ.,Σοκολάτες - Γκοφρέτες - Σοκολατάκια
1.7,Παυλίδης,Γεμιστή Φράουλα  100γρ.,Σοκολάτες - Γκοφρέτες - Σοκολατάκια
1.7,Παυλίδης,Γεμιστή Μπανάνα  100γρ.,Σοκολάτες - Γκοφρέτες - Σοκολατάκια
1.7,Παυλίδης,Γεμιστή Κεράσι  100γρ.,Σοκολάτες - Γκοφρέτες - Σοκολατάκια
1.7,Παυλίδης,Υγείας  100γρ.,Σοκολάτες - Γκοφρέτες - Σοκολατάκια
1.7,Παυλίδης,Υγείας Αμυγδάλου  100γρ.,Σοκολάτες - Γκοφρέτες - Σοκολατάκια
0.7,Παυλίδης,Υγείας  30γρ.,Σοκολάτες - Γκοφρέτες - Σοκολατάκια
1.7,Παυλίδης,Υγείας Πορτοκάλι  100γρ.,Σοκολάτες - Γκοφρέτες - Σοκολατάκια
1.7,Παυλίδης,Υγείας Κρέμα Cappucino,Σοκολάτες - Γκοφρέτες - Σοκολατάκια
1.7,Παυλίδης,Υγείας Λεμόνι,Σοκολάτες - Γκοφρέτες - Σοκολατάκια
0.5,Παυλίδης,Γκοφρέτα Υγείας  34γρ.,Σοκολάτες - Γκοφρέτες - Σοκολατάκια
0.8,Magnum,Γκοφρέτα 55γρ.,Σοκολάτες - Γκοφρέτες - Σοκολατάκια
3.5,Always,Ultra/Plus  12/14,Διάφορα
3.5,Always,Ultra Normal  12,Διάφορα
0.5,Bic,Cristal Μπλέ Στυλό,Διάφορα
0.8,Bic,Αναπτήρας Μικρός,Διάφορα
1,Bic,Αναπτήρας Μεγάλος,Διάφορα
1,Bic,Ξυραφάκια Classic  1τμχ,Διάφορα
2.7,Vam Gas,Υγραέριο για αναπτήρες  240ml,Διάφορα
0.5,Zewa,Χαρτομάντιλα,Διάφορα
3.5,Energizer,Μπαταρία Τύπου V9,Διάφορα
4.8,Sony,Μπαταρία Τύπου AA,Διάφορα
4.8,Sony,Μπαταρία Τύπου D,Διάφορα
3.5,Logo,Κόλλα Στιγμής  2γρ.,Διάφορα
3.5,Τράπουλα,Τράπουλα Πολυτελείας,Διάφορα
1,Anker,Σιλοτέιπ,Διάφορα
1,Depon,Παυσίπονο,Παραφαρμακευτικά
3.5,Λέοντος,Έμπλαστρα,Παραφαρμακευτικά
3,Again,Προφυλακτικά  3τμχ.,Παραφαρμακευτικά
3,Again,Προφυλακτικά  Κουκίδες/Άρωμα/Ραβδώσεις  3τμχ.,Παραφαρμακευτικά
3,Durex,Performer Προφυλακτικά,Παραφαρμακευτικά
3,Durex,Jeans Προφυλακτικά,Παραφαρμακευτικά
3,Durex,Plesure Max Προφυλακτικά,Παραφαρμακευτικά
3,Durex,Sensitive Προφυλακτικά,Παραφαρμακευτικά
3,Duo,Προφυλακτικά  3τμχ.,Παραφαρμακευτικά
2.5,Ben & Jerry's,Peanut Butter,Παγωτά
2.5,Ben & Jerry's,Caramel Chew Chew,Παγωτά
2.5,Ben & Jerry's,Cookie Dough,Παγωτά
2.5,Ben & Jerry's,Strawberry Cheasecake,Παγωτά
2.5,Ben & Jerry's,Chunky Monkey,Παγωτά
2.5,Ben & Jerry's,Chocolate Fudge Brown,Παγωτά
7.5,Ben & Jerry's,Chocolate Fudge Brown  500ml,Παγωτά
7.5,Ben & Jerry's,Chunky Monkey  500ml,Παγωτά
7.5,Ben & Jerry's,Cookie Dough  500ml,Παγωτά
7.5,Ben & Jerry's,Peanut Butter  500ml,Παγωτά
7.5,Ben & Jerry's,Strawberry Cheasecake  500ml,Παγωτά
7.5,Ben & Jerry's,Caramel Chew Chew  500ml,Παγωτά
7.5,Ben & Jerry's,New York Super Chunk  500ml,Παγωτά
0.5,Algida,Big Milk Bambi Choco,Παγωτά
0.5,Algida,Big Milk Vanilia,Παγωτά
0.5,Algida,Big Milk Toffi Chocolate,Παγωτά
0.5,Algida,Big Milk Trio ,Παγωτά
1.2,Algida,Calippo Bub Gum,Παγωτά
1.2,Algida,Calippo Strawberry,Παγωτά
1.2,Algida,Calippo Lime,Παγωτά
1.2,Algida,Calippo Orange,Παγωτά
1.2,Algida,Calippo Cola,Παγωτά
6.6,Algida,Carte D'or Chocolate Banana  500ml,Παγωτά
6.6,Algida,Carte D'or Creme Caramel  500ml,Παγωτά
9.8,Algida,"Carte D'or Parfait Vanilla Chocolate  1,8lt",Παγωτά
2.2,Algida,Carte D'or Spangola,Παγωτά
9.5,Algida,"Carte D'or Καιμάκι  1,8lt",Παγωτά
8.9,Algida,"Carte D'or Stracciatella  1,8lt",Παγωτά
8.9,Algida,"Carte D'or Chocolate Muffin  1,8lt",Παγωτά
4.9,Algida,Carte D'or Creme Brulee  450ml,Παγωτά
4.9,Algida,Carte D'or Apple Tarte  450ml,Παγωτά
4.9,Algida,Carte D'or Chocolate  450ml,Παγωτά
6.6,Algida,Carte D'or Stracciatella  900ml,Παγωτά
1.3,Algida,Cocktail,Παγωτά
1.7,Algida,Cornetto Cheesecake ,Παγωτά
1.3,Algida,Cornetto Classico,Παγωτά
6.6,Algida,Cornetto Classico  x6,Παγωτά
1.7,Algida,Cornetto Enigma Cookie Chocolate,Παγωτά
2.2,Algida,Cornetto King Cone Vanilla,Παγωτά
6.2,Algida,Cornetto Mix mini,Παγωτά
1.3,Algida,Cornetto Strawberry,Παγωτά
1.2,Algida,Cucciolone Classico,Παγωτά
1.5,Algida,Cucciolone Funny Snack,Παγωτά
2.7,Haagen Dazs,Pralines & Cream  100ml,Παγωτά
2.7,Haagen Dazs,Chocolate  100ml,Παγωτά
2.7,Haagen Dazs,Vanilla  100ml,Παγωτά
2.7,Haagen Dazs,Belgian Chocolate  100ml,Παγωτά
2.7,Haagen Dazs,Cookies & Cream  100ml,Παγωτά
2.7,Haagen Dazs,Strawberry Cheesecake  100ml,Παγωτά
2.7,Haagen Dazs,Secret Sensations  Chocolat Fondant  100ml,Παγωτά
2.7,Haagen Dazs,Secret Sensations  Crème Brulee  100ml,Παγωτά
8.5,Haagen Dazs,Dark Chocolate  500ml,Παγωτά
8.5,Haagen Dazs,Choc Choc Chip  500ml,Παγωτά
8.5,Haagen Dazs,Chocolate Pralines & Caramel  500ml,Παγωτά
8.5,Haagen Dazs,Cookies & Cream  500ml,Παγωτά
8.5,Haagen Dazs,Pralines & Cream  500ml,Παγωτά
8.5,Haagen Dazs,Macadamia Nut Brittle  500ml,Παγωτά
8.5,Haagen Dazs,Secret Sensations  Belgian Chocolate  500ml,Παγωτά
8.5,Haagen Dazs,Secret Sensations  Chocolat Fondant  500ml,Παγωτά
8.5,Haagen Dazs,Secret Sensations  Crème Brulee  500ml,Παγωτά
8.5,Haagen Dazs,Strawberry Cheesecake  500ml,Παγωτά
8.5,Haagen Dazs,Tiramisu  500ml,Παγωτά
8.5,Haagen Dazs,Vanilla  500ml,Παγωτά
2,Algida,Magic  Almond,Παγωτά
1.3,Algida,Magnum  Caramel & Nuts  Bar,Παγωτά
2,Algida,Magic  Classic,Παγωτά
2.2,Algida,Magic  Cone Almond,Παγωτά
2.2,Algida,Magic  Double Caramel,Παγωτά
2,Algida,Magic  Dougle Chocolate,Παγωτά
1.8,Algida,Magic  Sandwich,Παγωτά
2.2,Algida,Magic  Κυπελάκι Βανίλια  140ml,Παγωτά
2.2,Algida,Magic  Κυπελάκι Σοκολάτα  140ml,Παγωτά
6.2,Algida,Magic  After Dinner  350ml,Παγωτά
4.5,Algida,Magic  Vanilla  450ml,Παγωτά
4.5,Algida,Magic  Chocolate  450ml,Παγωτά
6.2,Algida,Magic  Mini  Baileys,Παγωτά
6.2,Algida,Magic  Mini  Double Caramel Chocolate,Παγωτά
1.7,Martesers,Παγωτό,Παγωτά
1.9,Mars,Παγωτό Ξυλάκι,Παγωτά
1.9,Mars,Παγωτό Μπάρα,Παγωτά
2,Κρι Κρι,Master  Αμυγδάλου Κυπελάκι,Παγωτά
8,Κρι Κρι,Master  Αμυγδάλου  850ml,Παγωτά
2,Κρι Κρι,Rodeo Πύραυλος Βανίλια,Παγωτά
6,Snickers,Παγωτό  500ml,Παγωτά
1.9,Snickers,Παγωτό Μπάρα,Παγωτά
1.7,Algida,Solero Exotic,Παγωτά
1.9,Twix,Παγωτό Μπάρα,Παγωτά
5.9,Algida ,Viennetta Vanilla,Παγωτά
1.4,Bounty,Παγωτό Μπάρα,Παγωτά
1.9,Κρι Κρι,Ιον Αμυγδάλου Ξυλάκι,Παγωτά
2,Στεργίου,"Μπιφτέκι,Τυρί Ένταμ,Πίκλες",Σάντουιτς
2,Στεργίου,"Πάριζα,Τυρί Ένταμ,Μαγιονέζα (Φραντζολάκι)",Σάντουιτς
2,Στεργίου,"Γαλοπούλα,Τυρί Ένταμ,Μαγιονέζα (Φραντζολάκι)",Σάντουιτς
2,Στεργίου,"Ζαμπόν,Τυρί Ένταμ,Μαγιόνεζα (Φραντζολάκι)",Σάντουιτς
2,Στεργίου,"Γαλοπούλα,Τυρί Ένταμ (Κρουασάν)",Σάντουιτς
2,Στεργίου,"Ζαμπόν,Τυρί Ένταμ,Μαγιόνεζα (Μπακέτα)",Σάντουιτς
2,Στεργίου,"Γαλοπούλα,Τυρί Ένταμ,Άνιθος (Μπακέτα)",Σάντουιτς
2,Στεργίου,"Καπνιστό Ζαμπόν,Τυρί Ένταμ,BBQ sause (Φραντζολάκι)",Σάντουιτς
14,Absolute,"Vodka Μεσαία  0,35lt",Ποτά
23,Absolute,"Vodka Μεγάλη  0,75lt",Ποτά
1,Amstel,Free  330ml,Ποτά
1.3,Amstel ,Free  500ml,Ποτά
1.6,Amstel ,Premium Pilsener  500ml,Ποτά
1,Amstel ,Radler  330ml,Ποτά
1.6,Amstel ,Radler  500ml,Ποτά
1.5,Amstel ,Κουτί Μεγάλο  500ml,Ποτά
1.1,Amstel ,Κουτί  375ml,Ποτά
1.1,Amstel ,Κουτί  330ml,Ποτά
1.3,Amstel ,Φιάλη  500ml,Ποτά
2.8,Bacardi,Breezer Καρπούζι  275ml,Ποτά
2.8,Bacardi,Breezer Λεμόνι  275ml,Ποτά
2.8,Bacardi,Breezer Πορτοκάλι  275ml,Ποτά
2.5,Corona,Extra Φιαλη  330ml,Ποτά
1.6,Fisher,Φιάλη  500ml,Ποτά
1.7,Fix,Dark  330ml,Ποτά
1.1,Fix,Κουτί  330ml,Ποτά
1.3,Fix,Φιάλη  500ml,Ποτά
1.5,Fix,Κουτί Μεγάλο  500ml,Ποτά
2.8,Gordon's,Space  Φιάλη  275ml,Ποτά
1.3,Heineken,Κουτί  330ml,Ποτά
1.8,Heineken,Κουτί Μεγάλο  500ml,Ποτά
1.6,Heineken,Φιάλη  500ml,Ποτά
1.3,Kaiser,Κουτί  330ml,Ποτά
1.8,Kaiser,Μεγάλο 500ml,Ποτά
1.6,Kaiser,Φιάλη  500ml,Ποτά
3,Mostra,Οίνος Ερυθρός Ξηρός  500ml,Ποτά
3,Mostra,Λευκό  500ml,Ποτά
3,Mostra,Ροζέ Ξηρός  500ml,Ποτά
2.8,Smirnoff,Ice  275ml,Ποτά
1,Αλφα,Κουτί  330ml,Ποτά
1.3,Αλφα,Κουτί  500ml,Ποτά
1.2,Αλφα,Φιάλη  500ml,Ποτά
1.4,Αλφα,Strong  Κουτί  500ml,Ποτά
0.8,Βεργίνα,Κουτί  330ml,Ποτά
1,Βεργίνα,Φιάλη  500ml,Ποτά
1.8,Βεργίνα,Weiss  500ml,Ποτά
1.8,Μαλαματίνα,Ρετσίνα  500ml,Ποτά
1.3,Μύθος,Κουτί  300ml,Ποτά
1.6,Μύθος,Κουτί  500ml,Ποτά
1.6,Μύθος,Φιάλη  500ml,Ποτά
4,Ούζο Πλωμαρίου,Φιάλη  200ml,Ποτά
4,Ούζο Μυτιλήνης,Φιάλη  200ml,Ποτά
23,Johnnie Walker,"Red Ουίσκι Μεγάλο  0,75lt",Ποτά
14,Johnnie Walker,"Red Ουίσκι Μεσαίο  0,35lt",Ποτά
3.5,Τρύγος ,"Κρασί Κόκκινο  1,5lt",Ποτά
3.5,Τρύγος ,"Κρασί Λευκό  1,5lt",Ποτά
3.5,Τρύρος,"Κρασί Ροζέ  1,5lt",Ποτά
4,Τσιλιλή,Τσίπουρο Χωρίς Γλυκάνισο  200ml,Ποτά
4,Τσιλιλή,Τσίπουρο Με Γλυκάνισο  200ml,Ποτά
4.5,Παπαδοπούλου,Caprice Πουράκι 400γρ.,Μπισκότα - Γλυκά
1.7,Παπαδοπούλου,Caprice Πουράκι 115γρ.,Μπισκότα - Γλυκά
2,Παπαδοπούλου,Cream Crackers  Με Κριθάρι Και Βρώμη,Μπισκότα - Γλυκά
2,Παπαδοπούλου,Digestive Με Επικάλυψη Σοκολάτας,Μπισκότα - Γλυκά
2,Παπαδοπούλου,Digestive Με Σύκο,Μπισκότα - Γλυκά
2,Παπαδοπούλου,Digestive ,Μπισκότα - Γλυκά
2,Παπαδοπούλου,Digestive Ολικής Χωρίς Ζάχαρη,Μπισκότα - Γλυκά
1,Finetti,Dips Πραλίνα  45γρ.,Μπισκότα - Γλυκά
1.7,Oreo,Mini Μπισκότα Γεμιστά  115γρ.,Μπισκότα - Γλυκά
1.8,Oreo,Double Stuff Βανίλια  185γρ.,Μπισκότα - Γλυκά
0.7,Oreo,Μπισκότα 6 τμχ.  66γρ.,Μπισκότα - Γλυκά
1.8,Oreo,Original  154γρ.,Μπισκότα - Γλυκά
2.5,Αλλατίνη,Soft Kings Chocolate Strawberry,Μπισκότα - Γλυκά
2.5,Αλλατίνη,Soft Kings Chocolate,Μπισκότα - Γλυκά
2.5,Αλλατίνη,Soft Kings Dark Chocolate,Μπισκότα - Γλυκά
2.5,Αλλατίνη,Soft Kings Full Chocolate,Μπισκότα - Γλυκά
2.5,Αλλατίνη,Soft Kings Triple Chocolate,Μπισκότα - Γλυκά
1,Στεργίου,Strudel Με Γέμιση Μήλου Και Κανέλας,Μπισκότα - Γλυκά
2,Αλλατίνη,Goody Μπισκότα Κανέλας  185γρ.,Μπισκότα - Γλυκά
1.2,Αλλατίνη,Goody Μπισκότα Κανέλας  104γρ.,Μπισκότα - Γλυκά
1.5,Παπαδοπούλου,Γεμιστά Μπανάνα  200γρ.,Μπισκότα - Γλυκά
1.5,Παπαδοπούλου,Γεμιστά Λεμόνι  200γρ.,Μπισκότα - Γλυκά
1,Παπαδοπούλου,Γεμιστά Βανίλια  85γρ.,Μπισκότα - Γλυκά
1.5,Παπαδοπούλου,Γεμιστά Βανίλια  200γρ.,Μπισκότα - Γλυκά
1,Παπαδοπούλου,Γεμιστά Πορτοκάλι  85γρ.,Μπισκότα - Γλυκά
1.5,Παπαδοπούλου,Γεμιστά Πορτοκάλι  200γρ.,Μπισκότα - Γλυκά
1,Παπαδοπούλου,Γεμιστά Φράουλα  85γρ.,Μπισκότα - Γλυκά
1.5,Παπαδοπούλου,Γεμιστά Φράουλα  200γρ.,Μπισκότα - Γλυκά
1,Παπαδοπούλου,Γεμιστά Σοκολάτα  85γρ.,Μπισκότα - Γλυκά
1.5,Παπαδοπούλου,Γεμιστά Διπλή Σοκολάτα  85γρ.,Μπισκότα - Γλυκά
1.5,Παπαδοπούλου,Γεμιστά Σοκολάτα  200γρ.,Μπισκότα - Γλυκά
2.4,Παυλίδης,Cookies Με Κομμάτια Σοκολάτας  184γρ.,Μπισκότα - Γλυκά
2.4,Παυλίδης,Cookies Σοκολάτα & Αμύγδαλα 184γρ.,Μπισκότα - Γλυκά
2,Παπαδοπούλου,Cookies Σοκολάτα & Πορτοκάλι  180γρ.,Μπισκότα - Γλυκά
2,Παπαδοπούλου,Cookies Σοκολάτα  180γρ.,Μπισκότα - Γλυκά
2,Παπαδοπούλου,Cookies Σοκολάτα & Κακάο  180γρ.,Μπισκότα - Γλυκά
2,Παπαδοπούλου,Cookies Σοκολάτα & Φουντούκια  180γρ.,Μπισκότα - Γλυκά
1,Παπαδοπούλου,Mini Cookies  90γρ.,Μπισκότα - Γλυκά
1,Παπαδοπούλου,Mini Cookies Με Μαύρη Σοκολάτα 90γρ.,Μπισκότα - Γλυκά
1,Παπαδοπούλου,Mini Γεμιστά  90γρ.,Μπισκότα - Γλυκά
1.5,Παπαδοπούλου,Πτι-Μπερ 225γρ.,Μπισκότα - Γλυκά
2,Παπαδοπούλου,Πτι-Μπερ Με Σοκολάτα Γάλακτος  200γρ.,Μπισκότα - Γλυκά
2,Παπαδοπούλου,Πτι-Μπερ Ολικής Άλεσης  200γρ.,Μπισκότα - Γλυκά
1.8,Παπαδοπούλου,Μιράντα  250γρ.,Μπισκότα - Γλυκά
1,Στεργίου,Soft Cookie Βανίλια  80γρ.,Μπισκότα - Γλυκά
1,Στεργίου,Soft Cookie Σοκολάτα  80γρ.,Μπισκότα - Γλυκά
1,Στεργίου,Κέικ Ανάμικτο  80γρ.,Μπισκότα - Γλυκά
1,Στεργίου,Κέικ Πορτοκάλι  80γρ.,Μπισκότα - Γλυκά
1,Στεργίου,Λεμονόπιτα,Μπισκότα - Γλυκά
1,Στεργίου,Λουκουμάς 2τμχ  170γρ.,Μπισκότα - Γλυκά
1,Στεργίου,Μηλόπιτα  105γρ.,Μπισκότα - Γλυκά
0.2,7Days,Cake Bar Κακάο  30γρ.,Κρουασάν
0.2,7Days,Cake Bar Φράουλα  30γρ.,Κρουασάν
1,7Days,Choco Croissant Βανίλια Κρουασάν  85γρ.,Κρουασάν
1,7Days,Choco Croissant Σοκολάτα Κρουασάν  85γρ.,Κρουασάν
1,7Days,Mini Croissant Spumante,Κρουασάν
1,7Days,Mini Croissant Με Γέμιση Κακάο,Κρουασάν
1,7Days,Mini Croissant Με Γέμιση Μιλφέιγ,Κρουασάν
1,7Days,Strudel Άνθος Λωτού  85γρ.,Κρουασάν
1,7Days,Strudel Με Κρέμα Κακάο  85γρ.,Κρουασάν
1,7Days,Strudel Ροδάκινο  85γρ.,Κρουασάν
1,7Days,Strudel Με Μήλο & Κανέλα  85γρ.,Κρουασάν
1,7Days,Super Max Πραλίνα  150γρ.,Κρουασάν
1.8,7Days,Swiss Roll Κακάο  200γρ.,Κρουασάν
1.8,7Days,Swiss Roll Φράουλα  200γρ.,Κρουασάν
1.8,7Days,Swiss Roll Βανίλια  200γρ.,Κρουασάν
1.8,7Days,Swiss Roll Capuccino  200γρ.,Κρουασάν
0.8,7Days,Τσουρεκάκι Κλασσικό  75γρ.,Κρουασάν
0.8,7Days,Τσουρεκάκι Κακάο  75γρ.,Κρουασάν
0.5,7Days,Κρουασάν Βερίκοκο  70γρ.,Κρουασάν
0.5,7Days,Κρουασάν Κακάο  70γρ.,Κρουασάν
0.8,7Days,Chipicao Κρουασάν,Κρουασάν
1.5,7Days,Big Choco Croissant  250γρ.,Κρουασάν
1,7Days,Big Choco Μικρό,Κρουασάν
1.3,Molto Way,Double Max Κακάο & Βανίλια  120γρ.,Κρουασάν
1.3,Molto,Max Πραλίνα 120γρ.,Κρουασάν
1,Molto Way,Double Κακάο & Βανίλια  80γρ.,Κρουασάν
1,Molto Way,Double Βανίλια & Φράουλα  80γρ.,Κρουασάν
1.8,Molto Way,Super Max Πραλίνα  180γρ.,Κρουασάν
1,Molto Way,Vanilla Shake  80γρ.,Κρουασάν
1,Molto Way,Με Κρέμα Κακάο  80γρ.,Κρουασάν
1,Molto,Κεράσι  85γρ.,Κρουασάν
1,Molto,Πραλίνα  85γρ.,Κρουασάν
1,Στεργίου,Κρουασάν Με Γέμιση Πραλίνας ,Κρουασάν
1,Στεργίου,Τσουρέκι Με Μαστίχα Χίου  90γρ.,Κρουασάν
1,Στεργίου,Τσουρέκι Με Πραλίνα  120γρ.,Κρουασάν
10,Q Card,Q Card 10 €,Κάρτες
15,Q Card,Q Card 15 €,Κάρτες
5,Paysafecard,Paysafecard 5 €,Κάρτες
10,Paysafecard,Paysafecard 10 €,Κάρτες
25,Paysafecard,Paysafecard 25 €,Κάρτες
50,Paysafecard,Paysafecard 50 €,Κάρτες
100,Paysafecard,Paysafecard 100 €,Κάρτες
10,Vodafone ,Vodafone 10 €,Κάρτες
15,Vodafone ,Vodafone 15 €,Κάρτες
20,Vodafone ,Vodafone 20 €,Κάρτες
30,Vodafone ,Vodafone 30 €,Κάρτες
10,Cosmote,Cosmote 10 €,Κάρτες
15,Cosmote,Cosmote 15 €,Κάρτες
20,Cosmote,Cosmote 20 €,Κάρτες
30,Cosmote,Cosmote 30 €,Κάρτες
10,Wind,Wind 10 €,Κάρτες
15,Wind,Wind 15 €,Κάρτες
20,Wind,Wind 20 €,Κάρτες
30,Wind,Wind 30 €,Κάρτες
1.5,Δέλτα,Milcafe Επιδόρπιο Στραγγιστού Γιαουρτιού Με Καφέ  230ml,Γάλατα - Γιαούρτια
1.3,Δέλτα,Milko Μπουκάλι  250ml,Γάλατα - Γιαούρτια
1.8,Δέλτα,Milko Μπουκάλι  500ml,Γάλατα - Γιαούρτια
1.8,Δέλτα,Milko Free Μπουκάλι  500ml,Γάλατα - Γιαούρτια
1.6,Δέλτα,Milko Χάρτινο Μπουκάλι  450ml,Γάλατα - Γιαούρτια
1.5,Δέλτα,Γιαούρτι Complet  200gr,Γάλατα - Γιαούρτια
1.5,Δέλτα,Γιαούρτι Αγελάδος  200gr,Γάλατα - Γιαούρτια
1.6,Δέλτα,Γιαούρτι Διπλοστραγγιστό  200ml,Γάλατα - Γιαούρτια
2,Δέλτα,Mmmilk Ημιάπαχο Μπουκάλι  1lt,Γάλατα - Γιαούρτια
2,Δέλτα,Mmmilk Ημιάπαχο Μπουκάλι Χάρτινο  1lt,Γάλατα - Γιαούρτια
2,Δέλτα,Mmmilk Πλήρες Μπουκάλι 1lt,Γάλατα - Γιαούρτια
2,Δέλτα,Mmmilk Πλήρες Μπουκάλι Χάρτινο 1lt,Γάλατα - Γιαούρτια
2.5,Δέλτα,Smart  1lt,Γάλατα - Γιαούρτια
2,Δέλτα,Μικρές Οικογενειακές Φάρμες Πλήρες  1lt,Γάλατα - Γιαούρτια
2,Δέλτα,Μικρές Οικογενειακές Φάρμες Ελαφρύ  1lt,Γάλατα - Γιαούρτια
1.8,Δέλτα,Πλήρες Μπουκάλι Χάρτινο  1lt,Γάλατα - Γιαούρτια
1.1,Δέλτα,"Πλήρες Μπουκάλι Χάρτινο  0,5lt",Γάλατα - Γιαούρτια
1.8,Δέλτα,Ελαφρύ Μπουκάλι Χάρτινο  1lt,Γάλατα - Γιαούρτια
1.1,Δέλτα,"Ελαφρύ Μπουκάλι Χάρτινο  0,5lt",Γάλατα - Γιαούρτια
2.5,Δέλτα,Advance  1lt,Γάλατα - Γιαούρτια
1,Ιον,Baloo Καραμέλες Μασούρι,Τσίχλες - Καραμέλες - Ζελεδάκια
2.5,Barkleys,Cinnamon,Τσίχλες - Καραμέλες - Ζελεδάκια
2.5,Barkleys,Peppermint,Τσίχλες - Καραμέλες - Ζελεδάκια
1,Dentyne,2Ice Cool Mint,Τσίχλες - Καραμέλες - Ζελεδάκια
1,Dentyne,Ice Peppermint,Τσίχλες - Καραμέλες - Ζελεδάκια
1,Dentyne,Green Tea,Τσίχλες - Καραμέλες - Ζελεδάκια
1,Dentyne,Ice Fire,Τσίχλες - Καραμέλες - Ζελεδάκια
1,Dentyne,Ice Spearmint,Τσίχλες - Καραμέλες - Ζελεδάκια
1,Dentyne,White Spearmint,Τσίχλες - Καραμέλες - Ζελεδάκια
1,Dentyne,White Peppermint,Τσίχλες - Καραμέλες - Ζελεδάκια
1.5,Fisherman's Friend,Mint  25gr,Τσίχλες - Καραμέλες - Ζελεδάκια
1.5,Fisherman's Friend,Original  25gr,Τσίχλες - Καραμέλες - Ζελεδάκια
0.8,Halls,Calm Μέλι & Λεμόνι  Μασούρι,Τσίχλες - Καραμέλες - Ζελεδάκια
0.8,Halls,Cool Κεράσι & Καραμέλα  Μασούρι,Τσίχλες - Καραμέλες - Ζελεδάκια
0.8,Halls,Cool Original Μασούρι,Τσίχλες - Καραμέλες - Ζελεδάκια
1,Halls,Cool Κεράσι Χωρίς Ζάχαρη,Τσίχλες - Καραμέλες - Ζελεδάκια
1,Halls,Cool Original Χωρίς Ζάχαρη,Τσίχλες - Καραμέλες - Ζελεδάκια
1,Halls,Coolwave Λεμόνι,Τσίχλες - Καραμέλες - Ζελεδάκια
1,Halls,Coolwave Καρπούζι,Τσίχλες - Καραμέλες - Ζελεδάκια
1,Halls,Coolwave Μέντα ,Τσίχλες - Καραμέλες - Ζελεδάκια
1,Halls,Vita-C Πορτοκάλι,Τσίχλες - Καραμέλες - Ζελεδάκια
1,Halls,Vita-C Φράουλα,Τσίχλες - Καραμέλες - Ζελεδάκια
1.2,Haribo,Balla-Stixx Φράουλα  80gr,Τσίχλες - Καραμέλες - Ζελεδάκια
1.2,Haribo,Balla-Stixx Cola  80gr,Τσίχλες - Καραμέλες - Ζελεδάκια
1.2,Haribo,Beerentraum Soft,Τσίχλες - Καραμέλες - Ζελεδάκια
1.2,Haribo,Berries,Τσίχλες - Καραμέλες - Ζελεδάκια
1.2,Haribo,Chamallows Exotic,Τσίχλες - Καραμέλες - Ζελεδάκια
1.2,Haribo,Color-Rado,Τσίχλες - Καραμέλες - Ζελεδάκια
1.2,Haribo,Happy Cherries,Τσίχλες - Καραμέλες - Ζελεδάκια
1.2,Haribo,Happy Cola,Τσίχλες - Καραμέλες - Ζελεδάκια
1.2,Haribo,Happy Cola Lemon Fresh,Τσίχλες - Καραμέλες - Ζελεδάκια
1.2,Haribo,Jelly Beans,Τσίχλες - Καραμέλες - Ζελεδάκια
1.2,Haribo,Liebesherzen,Τσίχλες - Καραμέλες - Ζελεδάκια
1.2,Haribo,Pfirsiche,Τσίχλες - Καραμέλες - Ζελεδάκια
1.2,Haribo,Primavera,Τσίχλες - Καραμέλες - Ζελεδάκια
1.2,Haribo,Roulette,Τσίχλες - Καραμέλες - Ζελεδάκια
1.2,Haribo,Smurfs,Τσίχλες - Καραμέλες - Ζελεδάκια
1.2,Haribo,Teeth,Τσίχλες - Καραμέλες - Ζελεδάκια
1.2,Haribo,Tropifrutti,Τσίχλες - Καραμέλες - Ζελεδάκια
1.2,Haribo,Starmix,Τσίχλες - Καραμέλες - Ζελεδάκια
1.2,Haribo,Golden Bears,Τσίχλες - Καραμέλες - Ζελεδάκια
1,Mentos,45' Fresh Effect,Τσίχλες - Καραμέλες - Ζελεδάκια
1.2,Mentos,Pure Active Spearmint,Τσίχλες - Καραμέλες - Ζελεδάκια
1.2,Mentos,Pure Active Strawberry,Τσίχλες - Καραμέλες - Ζελεδάκια
1.2,Mentos,Pure Active Fresh Mint,Τσίχλες - Καραμέλες - Ζελεδάκια
1.5,Mentos,Pure Fresh Mint,Τσίχλες - Καραμέλες - Ζελεδάκια
1.5,Mentos,Pure Fresh Lemon Mint,Τσίχλες - Καραμέλες - Ζελεδάκια
1.5,Mentos,Pure Fresh Wintergreen Mint (Μπουκαλάκι),Τσίχλες - Καραμέλες - Ζελεδάκια
1,Mentos,Pure White,Τσίχλες - Καραμέλες - Ζελεδάκια
1,Mentos,Storming Δυόσμος,Τσίχλες - Καραμέλες - Ζελεδάκια
1,Mentos,Storming Καρπούζι,Τσίχλες - Καραμέλες - Ζελεδάκια
1,Mentos,Storming Μέντα,Τσίχλες - Καραμέλες - Ζελεδάκια
1,Mentos,Storming Φράουλα,Τσίχλες - Καραμέλες - Ζελεδάκια
0.8,Mentos,Fruit  Μασούρι,Τσίχλες - Καραμέλες - Ζελεδάκια
0.8,Mentos,Mint  Μαρούρι,Τσίχλες - Καραμέλες - Ζελεδάκια
1.3,Orbit,Envelope Peppermint,Τσίχλες - Καραμέλες - Ζελεδάκια
1.3,Orbit,Envelope Spearmint,Τσίχλες - Καραμέλες - Ζελεδάκια
1.3,Orbit,Envelope Strawberry Banana,Τσίχλες - Καραμέλες - Ζελεδάκια
1.3,Orbit,Envelope Tropical,Τσίχλες - Καραμέλες - Ζελεδάκια
1.3,Orbit,Envelope White Spearmint,Τσίχλες - Καραμέλες - Ζελεδάκια
1.3,Orbit,Envelope White Peppermint,Τσίχλες - Καραμέλες - Ζελεδάκια
1.3,Orbit,Strawberry,Τσίχλες - Καραμέλες - Ζελεδάκια
1,Roll' Up,Tutti Frutti,Τσίχλες - Καραμέλες - Ζελεδάκια
1.2,Haribo,Schnuller,Τσίχλες - Καραμέλες - Ζελεδάκια
1,Tic Tac,Mint,Τσίχλες - Καραμέλες - Ζελεδάκια
1,Tic Tac,Orange,Τσίχλες - Καραμέλες - Ζελεδάκια
1.3,Trident,40 Minutes Of Freshness Δυόσμος,Τσίχλες - Καραμέλες - Ζελεδάκια
1.3,Trident,40 Minutes Of Freshness Μέντα,Τσίχλες - Καραμέλες - Ζελεδάκια
1.4,Trident,Fresh & Clean Green Mint,Τσίχλες - Καραμέλες - Ζελεδάκια
1.4,Trident,Sences Berry Party Flavor,Τσίχλες - Καραμέλες - Ζελεδάκια
1.4,Trident,Sences Lemon Mystery Flavor,Τσίχλες - Καραμέλες - Ζελεδάκια
1.4,Trident,Sences Mega Mistery Flavor,Τσίχλες - Καραμέλες - Ζελεδάκια
1.4,Trident,Sences Peppermint Breeze Flavor,Τσίχλες - Καραμέλες - Ζελεδάκια
1.4,Trident,Sences Strawberry Passion,Τσίχλες - Καραμέλες - Ζελεδάκια
1.4,Trident,Sences Tropical Mix Flavor,Τσίχλες - Καραμέλες - Ζελεδάκια
1.4,Trident,Sences Rainforest Mint Flavor,Τσίχλες - Καραμέλες - Ζελεδάκια
1.4,Trident,Sences Watermelon Sunrise Flavor,Τσίχλες - Καραμέλες - Ζελεδάκια
0.8,Trident,Slab Spearmint ,Τσίχλες - Καραμέλες - Ζελεδάκια
1.4,Trident,Splash Green Mint,Τσίχλες - Καραμέλες - Ζελεδάκια
1.4,Trident,Splash Strawberry Lime,Τσίχλες - Καραμέλες - Ζελεδάκια
1.4,Trident,Splash Vanilla Mint,Τσίχλες - Καραμέλες - Ζελεδάκια
1.4,Trident,Splash Tropical Ananas,Τσίχλες - Καραμέλες - Ζελεδάκια
1.2,Trident,White Δυόσμος,Τσίχλες - Καραμέλες - Ζελεδάκια
1.2,Trident,White Μέντα,Τσίχλες - Καραμέλες - Ζελεδάκια
1.5,Wrigley's,Five Cobalt,Τσίχλες - Καραμέλες - Ζελεδάκια
1.5,Wrigley's,Five Pain,Τσίχλες - Καραμέλες - Ζελεδάκια
1.5,Wrigley's,Five Prism,Τσίχλες - Καραμέλες - Ζελεδάκια
1.5,Wrigley's,Five Swerve,Τσίχλες - Καραμέλες - Ζελεδάκια
1.5,Wrigley's,Five Electro,Τσίχλες - Καραμέλες - Ζελεδάκια
1.5,Wrigley's,Five Flare,Τσίχλες - Καραμέλες - Ζελεδάκια
0.8,Βιαπ,Παστίλιες Αρωματικές,Τσίχλες - Καραμέλες - Ζελεδάκια
0.8,Βιαπ,Παστίλιες Ευκαλύπτου-Μέντας,Τσίχλες - Καραμέλες - Ζελεδάκια
1.2,Ελμα,Δυόσμος,Τσίχλες - Καραμέλες - Ζελεδάκια
1.2,Ελμα,Classic,Τσίχλες - Καραμέλες - Ζελεδάκια
1.2,Ελμα,Χωρίς Ζάχαρη,Τσίχλες - Καραμέλες - Ζελεδάκια
1.2,Ελμα,Τριαντάφυλλο,Τσίχλες - Καραμέλες - Ζελεδάκια
1,Tasty,3D Bugles,Τσίπς - Γαρδάκια - Snacks - Ξηροί Καρποί
1.2,Tasty,Cheetos Dracoulinia,Τσίπς - Γαρδάκια - Snacks - Ξηροί Καρποί
1.8,Tasty,Cheetos Dracoulinia  100γρ.,Τσίπς - Γαρδάκια - Snacks - Ξηροί Καρποί
1.2,Tasty,Cheetos Lotto,Τσίπς - Γαρδάκια - Snacks - Ξηροί Καρποί
1.8,Tasty,Cheetos Lotto  100γρ.,Τσίπς - Γαρδάκια - Snacks - Ξηροί Καρποί
1.2,Tasty,Cheetos Pacotinia,Τσίπς - Γαρδάκια - Snacks - Ξηροί Καρποί
1.8,Tasty,Cheetos Pacotinia  100γρ.,Τσίπς - Γαρδάκια - Snacks - Ξηροί Καρποί
1.2,Tasty,Cheetos Pizza,Τσίπς - Γαρδάκια - Snacks - Ξηροί Καρποί
1.8,Tasty,Cheetos Pizza  100γρ.,Τσίπς - Γαρδάκια - Snacks - Ξηροί Καρποί
0.5,Tasty,Cheetos Sweetos Κακάο 35γρ.,Τσίπς - Γαρδάκια - Snacks - Ξηροί Καρποί
0.5,Tasty,Cheetos Sweetos Με Γάλα 35γρ.,Τσίπς - Γαρδάκια - Snacks - Ξηροί Καρποί
1.5,Παπαδοπούλου,Cream Crackers Χωρίς Ζάχαρη Ω3  165γρ.,Τσίπς - Γαρδάκια - Snacks - Ξηροί Καρποί
1.5,Παπαδοπούλου,Cream Crackers Κλασσίκο 140γρ.,Τσίπς - Γαρδάκια - Snacks - Ξηροί Καρποί
1.5,Παπαδοπούλου,Cream Crackers Σικάλης  175γρ.,Τσίπς - Γαρδάκια - Snacks - Ξηροί Καρποί
1.5,Παπαδοπούλου,Cream Crackers Με Κριθάρι Και Βρώμη,Τσίπς - Γαρδάκια - Snacks - Ξηροί Καρποί
1,Tasty,Doritos Tex Mex  70γρ.,Τσίπς - Γαρδάκια - Snacks - Ξηροί Καρποί
0.5,Tasty,Doritos Bits Twisties  33γρ.,Τσίπς - Γαρδάκια - Snacks - Ξηροί Καρποί
1.6,Elite,Crackers Μεσογειακά Ντομάτα & Βασιλικός,Τσίπς - Γαρδάκια - Snacks - Ξηροί Καρποί
1.6,Elite,Crackers Μεσογειακά Ρίγανη & Γεύση Φέτας,Τσίπς - Γαρδάκια - Snacks - Ξηροί Καρποί
1.6,Elite,Crackers Κλασσικά Σίτου Αλεσμένα,Τσίπς - Γαρδάκια - Snacks - Ξηροί Καρποί
1.6,Elite,Crackers Κλασσικά Ολικής Άλεσης,Τσίπς - Γαρδάκια - Snacks - Ξηροί Καρποί
1.6,Elite,Crackers Μεσογειακά Θαλασσινό Αλάτι & Μαύρο Πιπέρι,Τσίπς - Γαρδάκια - Snacks - Ξηροί Καρποί
1.6,Elite,"Crackers Μεσογειακά Γραβιέρα, Μέλι & Μαύρο Σουσάμι",Τσίπς - Γαρδάκια - Snacks - Ξηροί Καρποί
0.8,Extra,Πικάντικα Αστεράκια 60γρ.,Τσίπς - Γαρδάκια - Snacks - Ξηροί Καρποί
0.8,Extra,Τυρογαρδάκια 60γρ.,Τσίπς - Γαρδάκια - Snacks - Ξηροί Καρποί
0.8,Nestle,Fitness Cookies Cream,Τσίπς - Γαρδάκια - Snacks - Ξηροί Καρποί
0.8,Nestle,Fitness Delice Σοκολάτα Γάλακτος & Άρωμα Φουντουκιού,Τσίπς - Γαρδάκια - Snacks - Ξηροί Καρποί
0.8,Nestle,Fitness Σοκολάτα & Άρωμα Πορτοκαλιού,Τσίπς - Γαρδάκια - Snacks - Ξηροί Καρποί
0.8,Nestle,Fitness Φράουλα,Τσίπς - Γαρδάκια - Snacks - Ξηροί Καρποί
0.8,Nestle,Fitness Σοκολάτα ,Τσίπς - Γαρδάκια - Snacks - Ξηροί Καρποί
1.2,Ohonos Snack,Jumbo Γαριδάρες 85γρ.,Τσίπς - Γαρδάκια - Snacks - Ξηροί Καρποί
1.2,Ohonos Snack,Jumbo Cuba Honakia Spicy 80γρ.,Τσίπς - Γαρδάκια - Snacks - Ξηροί Καρποί
1.2,Ohonos Snack,Jumbo Chips Χωρίς Αλάτι 120γρ.,Τσίπς - Γαρδάκια - Snacks - Ξηροί Καρποί
1.2,Ohonos Snack,Jumbo Pizza 80γρ.,Τσίπς - Γαρδάκια - Snacks - Ξηροί Καρποί
1.2,Ohonos Snack,Jumbo Sticks 85γρ.,Τσίπς - Γαρδάκια - Snacks - Ξηροί Καρποί
1.2,Ohonos Snack,Jumbo Βρυκόλες 85γρ.,Τσίπς - Γαρδάκια - Snacks - Ξηροί Καρποί
1.2,Ohonos Snack,Jumbo Classic 85γρ.,Τσίπς - Γαρδάκια - Snacks - Ξηροί Καρποί
1.2,Ohonos Snack,Jumbo Φυστικόμπαλες 102γρ.,Τσίπς - Γαρδάκια - Snacks - Ξηροί Καρποί
1.2,Ohonos Snack,Jumbo Chips Με Γεύση Ρίγανη 120γρ.,Τσίπς - Γαρδάκια - Snacks - Ξηροί Καρποί
1.2,Ohonos Snack,Jumbo Chips Κυματιστά Με Γεύση Ρίγανη 120γρ.,Τσίπς - Γαρδάκια - Snacks - Ξηροί Καρποί
1.2,Ohonos Snack,Jumbo Chips Κυματιστά Με Γεύση Μπάρμπεκιου 120γρ.,Τσίπς - Γαρδάκια - Snacks - Ξηροί Καρποί
1.2,Ohonos Snack,Jumbo Chips Με Αλάτι,Τσίπς - Γαρδάκια - Snacks - Ξηροί Καρποί
1.2,Tasty,Lay's Στο Φούρνο Barbecue,Τσίπς - Γαρδάκια - Snacks - Ξηροί Καρποί
1.2,Tasty,Lay's Στο Φούρνο Αλάτι,Τσίπς - Γαρδάκια - Snacks - Ξηροί Καρποί
1.2,Tasty,Lay's Στο Φούρνο Μυρωδικά της Μεσογείου,Τσίπς - Γαρδάκια - Snacks - Ξηροί Καρποί
1.2,Tasty,Lay's Ολικής Γεύση Κλασσική,Τσίπς - Γαρδάκια - Snacks - Ξηροί Καρποί
1.2,Tasty,Lay's Ολικής Γεύση Sour Cream & Μαύρο Πιπέρι,Τσίπς - Γαρδάκια - Snacks - Ξηροί Καρποί
1.1,Tasty,Lay's Xtra Waves Αλάτι,Τσίπς - Γαρδάκια - Snacks - Ξηροί Καρποί
1.1,Tasty,Lay's Xtra Waves Ρίγανη,Τσίπς - Γαρδάκια - Snacks - Ξηροί Καρποί
1.1,Tasty,Lay's Xtra Waves Sweet Barbeque,Τσίπς - Γαρδάκια - Snacks - Ξηροί Καρποί
1.1,Tasty,Lay's Xtra Waves Μπέικον,Τσίπς - Γαρδάκια - Snacks - Ξηροί Καρποί
0.6,Tasty,Lay's Αλάτι 33γρ.,Τσίπς - Γαρδάκια - Snacks - Ξηροί Καρποί
1.1,Tasty,Lay's Αλάτι 72γρ.,Τσίπς - Γαρδάκια - Snacks - Ξηροί Καρποί
1.7,Tasty,Lay's Αλάτι Μεγάλο 120γρ.,Τσίπς - Γαρδάκια - Snacks - Ξηροί Καρποί
1.1,Tasty,Lay's Αλάτι & Ξύδι,Τσίπς - Γαρδάκια - Snacks - Ξηροί Καρποί
0.6,Tasty,Lay's Ρίγανη 33γρ.,Τσίπς - Γαρδάκια - Snacks - Ξηροί Καρποί
1.1,Tasty,Lay's Ρίγανη 72γρ.,Τσίπς - Γαρδάκια - Snacks - Ξηροί Καρποί
1.7,Tasty,Lay's Ρίγανη 120γρ.,Τσίπς - Γαρδάκια - Snacks - Ξηροί Καρποί
1,Tasty,Lay's Σπιτικά ,Τσίπς - Γαρδάκια - Snacks - Ξηροί Καρποί
1.2,Tasty,Lay's Σπιτικά Αλάτι,Τσίπς - Γαρδάκια - Snacks - Ξηροί Καρποί
1,Tasty,Lotto Τεράστιο,Τσίπς - Γαρδάκια - Snacks - Ξηροί Καρποί
3.8,Smartfoods,My Popcorn Barbecue 200γρ.,Τσίπς - Γαρδάκια - Snacks - Ξηροί Καρποί
3.8,Smartfoods,My Popcorn Βουτύρου 200γρ.,Τσίπς - Γαρδάκια - Snacks - Ξηροί Καρποί
3.8,Smartfoods,My Popcorn Pizza 200γρ.,Τσίπς - Γαρδάκια - Snacks - Ξηροί Καρποί
3.8,Smartfoods,My Popcorn Τυρί 200γρ.,Τσίπς - Γαρδάκια - Snacks - Ξηροί Καρποί
0.5,Tasty,Cheetos Pacotinia 29γρ.,Τσίπς - Γαρδάκια - Snacks - Ξηροί Καρποί
0.5,Tasty,Cheetos Lotto 29γρ.,Τσίπς - Γαρδάκια - Snacks - Ξηροί Καρποί
0.6,Παπαδοπούλου,Mini Pick Crackers Αλάτι 70γρ.,Τσίπς - Γαρδάκια - Snacks - Ξηροί Καρποί
0.6,Παπαδοπούλου,Mini Pick Crackers Barbecue 70γρ.,Τσίπς - Γαρδάκια - Snacks - Ξηροί Καρποί
0.6,Παπαδοπούλου,Mini Pick Crackers Pizza 70γρ.,Τσίπς - Γαρδάκια - Snacks - Ξηροί Καρποί
1.5,Παπαδοπούλου,Pick Crackers Κλασσικά 100γρ.,Τσίπς - Γαρδάκια - Snacks - Ξηροί Καρποί
1.5,Παπαδοπούλου,Pick Crackers Με Γεύση Μπέικον 100γρ.,Τσίπς - Γαρδάκια - Snacks - Ξηροί Καρποί
1.5,Παπαδοπούλου,Pick Crackers Με Ρίγανη 100γρ.,Τσίπς - Γαρδάκια - Snacks - Ξηροί Καρποί
1.2,Ohonos Snack,Pop-o Top's Classic 70γρ.,Τσίπς - Γαρδάκια - Snacks - Ξηροί Καρποί
1.2,Ohonos Snack,Pop-o Top's Barbecue 70γρ.,Τσίπς - Γαρδάκια - Snacks - Ξηροί Καρποί
1.1,Tasty,Poppers Classic 81γρ.,Τσίπς - Γαρδάκια - Snacks - Ξηροί Καρποί
1.1,Tasty,Poppers Cinema Butter 81γρ.,Τσίπς - Γαρδάκια - Snacks - Ξηροί Καρποί
1.2,Pringles,Original 40γρ.,Τσίπς - Γαρδάκια - Snacks - Ξηροί Καρποί
2.4,Pringles,Original 110γρ.,Τσίπς - Γαρδάκια - Snacks - Ξηροί Καρποί
1.2,Pringles,Paprika 40γρ.,Τσίπς - Γαρδάκια - Snacks - Ξηροί Καρποί
2.4,Pringles,Paprika 110γρ.,Τσίπς - Γαρδάκια - Snacks - Ξηροί Καρποί
1.2,Pringles,Sour Cream & Onion 40γρ.,Τσίπς - Γαρδάκια - Snacks - Ξηροί Καρποί
2.4,Pringles,Sour Cream & Onion 110γρ.,Τσίπς - Γαρδάκια - Snacks - Ξηροί Καρποί
0.8,Quaker,Bar Βατόμουρο & Ρόδι 35γρ.,Τσίπς - Γαρδάκια - Snacks - Ξηροί Καρποί
0.8,Quaker,Bar Μήλο & Σταφίδα 35γρ.,Τσίπς - Γαρδάκια - Snacks - Ξηροί Καρποί
1,Tasty,Ruffles Ρίγανη 72γρ.,Τσίπς - Γαρδάκια - Snacks - Ξηροί Καρποί
1,Tasty,Ruffles Heinz Ketchup 72γρ.,Τσίπς - Γαρδάκια - Snacks - Ξηροί Καρποί
1,Tasty,Ruffles Κλασσική Αλάτι 72γρ.,Τσίπς - Γαρδάκια - Snacks - Ξηροί Καρποί
1,Tasty,Ruffles Barbeque 72γρ.,Τσίπς - Γαρδάκια - Snacks - Ξηροί Καρποί
1.6,Tasty,Ruffles Ρίγανη 130γρ.,Τσίπς - Γαρδάκια - Snacks - Ξηροί Καρποί
1.6,Tasty,Ruffles Heinz Ketchup 130γρ.,Τσίπς - Γαρδάκια - Snacks - Ξηροί Καρποί
1.6,Tasty,Ruffles Κλασσική Αλάτι 130γρ.,Τσίπς - Γαρδάκια - Snacks - Ξηροί Καρποί
1.6,Tasty,Ruffles Barbeque 130γρ.,Τσίπς - Γαρδάκια - Snacks - Ξηροί Καρποί
1,Tasty,Crunchy Max 93γρ.,Τσίπς - Γαρδάκια - Snacks - Ξηροί Καρποί
1,Tasty Naturals,Παστέλι Σοκολάτα Υγείας 61γρ.,Τσίπς - Γαρδάκια - Snacks - Ξηροί Καρποί
1,Tasty Naturals,Παστέλι Σουσάμι 71γρ.,Τσίπς - Γαρδάκια - Snacks - Ξηροί Καρποί
1,Tasty Naturals,Παστέλι Σουσάμι Αμύγδαλο 71γρ.,Τσίπς - Γαρδάκια - Snacks - Ξηροί Καρποί
1,Tasty,Pitsinia 98γρ.,Τσίπς - Γαρδάκια - Snacks - Ξηροί Καρποί
1.6,Tasty Naturals,Ψημένα Αμύγδαλα 90γρ.,Τσίπς - Γαρδάκια - Snacks - Ξηροί Καρποί
1.6,Tasty Naturals,Αμύγδαλα & Σταφίδα 90γρ.,Τσίπς - Γαρδάκια - Snacks - Ξηροί Καρποί
0.8,Tasty Naturals,Αράπικα Φυστίκια 101γρ.,Τσίπς - Γαρδάκια - Snacks - Ξηροί Καρποί
0.8,Tasty Naturals,Ηλιόσπορος 71γρ.,Τσίπς - Γαρδάκια - Snacks - Ξηροί Καρποί
1.6,Tasty Naturals,Κάσιους 91γρ.,Τσίπς - Γαρδάκια - Snacks - Ξηροί Καρποί
1.6,Tasty Naturals,Κελυφωτά Φυστίκια 85γρ.,Τσίπς - Γαρδάκια - Snacks - Ξηροί Καρποί
0.8,Tasty Naturals,Πασατέμπος 70γρ.,Τσίπς - Γαρδάκια - Snacks - Ξηροί Καρποί
1.6,Tasty Naturals,Φουντούκια 90γρ.,Τσίπς - Γαρδάκια - Snacks - Ξηροί Καρποί
0.8,Tasty Naturals,Φυστίκια 101γρ.,Τσίπς - Γαρδάκια - Snacks - Ξηροί Καρποί
1.2,Ohonos Snack,Jumbo Texas Bacon 80γρ.,Τσίπς - Γαρδάκια - Snacks - Ξηροί Καρποί
1.5,Tsakiris Chips,Αλάτι 100γρ.,Τσίπς - Γαρδάκια - Snacks - Ξηροί Καρποί
2,Tsakiris Chips,Αλάτι 200γρ.,Τσίπς - Γαρδάκια - Snacks - Ξηροί Καρποί
1.5,Tsakiris Chips,Ρίγανη 100γρ.,Τσίπς - Γαρδάκια - Snacks - Ξηροί Καρποί
2,Tsakiris Chips,Ρίγανη 200γρ.,Τσίπς - Γαρδάκια - Snacks - Ξηροί Καρποί
1.2,Tsakiris Chips,Μισά Μισά Κέτσαπ Μουστάρδα 70γρ.,Τσίπς - Γαρδάκια - Snacks - Ξηροί Καρποί
1.2,Tsakiris Chips,Μισά Μισά Ρίγανη Αλάτι 70γρ.,Τσίπς - Γαρδάκια - Snacks - Ξηροί Καρποί
1.2,Tsakiris Chips,Μισά Μισά Μπέικον Τύρι 70γρ.,Τσίπς - Γαρδάκια - Snacks - Ξηροί Καρποί
1.2,Tsakiris Chips,Sticks Αλάτι 90γρ.,Τσίπς - Γαρδάκια - Snacks - Ξηροί Καρποί
1.6,Tsakiris Chips,Τοματάκι Σαντορίνης,Τσίπς - Γαρδάκια - Snacks - Ξηροί Καρποί
1.6,Tsakiris Chips,Πιπεριές Φλωρίνης,Τσίπς - Γαρδάκια - Snacks - Ξηροί Καρποί
1.6,Tsakiris Chips,Γραβιέρα Κρήτης,Τσίπς - Γαρδάκια - Snacks - Ξηροί Καρποί
1.6,Tsakiris Chips,Μυρωδικά Του Αιγαίου,Τσίπς - Γαρδάκια - Snacks - Ξηροί Καρποί
1.4,Tsakiris Chips,Κυματιστά Αλάτι 70γρ.,Τσίπς - Γαρδάκια - Snacks - Ξηροί Καρποί
1.4,Tsakiris Chips,Κυματιστά Ρίγανη 70γρ.,Τσίπς - Γαρδάκια - Snacks - Ξηροί Καρποί
1.4,Tsakiris Chips,Κυματιστά Sweet Barbeque 70γρ.,Τσίπς - Γαρδάκια - Snacks - Ξηροί Καρποί
1,Tsakiris Chips,Αλάτι 45γρ.,Τσίπς - Γαρδάκια - Snacks - Ξηροί Καρποί
1,Tsakiris Chips,Ρίγανη 45γρ.,Τσίπς - Γαρδάκια - Snacks - Ξηροί Καρποί
1.1,Tasty,Foudounia 110γρ.,Τσίπς - Γαρδάκια - Snacks - Ξηροί Καρποί
1.2,Lu,Tuc Original Αλάτι 100γρ.,Τσίπς - Γαρδάκια - Snacks - Ξηροί Καρποί
1.5,Στεργίου,Κριτσίνια Με Ηλιόσπορους 180γρ.,Τσίπς - Γαρδάκια - Snacks - Ξηροί Καρποί
1.5,Στεργίου,Κριτσίνια Με Σουσάμι 140γρ.,Τσίπς - Γαρδάκια - Snacks - Ξηροί Καρποί
3.15,Al Capone,Pockets Filter,Τσιγάρα - Καπνοί - Πούρα
3.15,Al Capone,Sweet Cognac,Τσιγάρα - Καπνοί - Πούρα
10,Amphora ,Full Aroma Καπνός Πίπας 40g,Τσιγάρα - Καπνοί - Πούρα
3.3,Assos,Καπνός 15g,Τσιγάρα - Καπνοί - Πούρα
7,Assos,Καπνός 30g,Τσιγάρα - Καπνοί - Πούρα
3.5,Assos,Aney Καπνός 15g,Τσιγάρα - Καπνοί - Πούρα
7,Assos,Aney Καπνός 30g,Τσιγάρα - Καπνοί - Πούρα
3.5,Assos,Aney,Τσιγάρα - Καπνοί - Πούρα
3.5,Assos,Classic Gold Extra Slims 20s,Τσιγάρα - Καπνοί - Πούρα
3.5,Assos,Classic Purple Extra Slims 20s,Τσιγάρα - Καπνοί - Πούρα
3.5,Assos,Export ,Τσιγάρα - Καπνοί - Πούρα
4,Assos,Φίλτρο Μαλακό 20s,Τσιγάρα - Καπνοί - Πούρα
4,Assos,Φίλτρο Κασετίνα,Τσιγάρα - Καπνοί - Πούρα
3.5,Assos,Premium Gold 20s,Τσιγάρα - Καπνοί - Πούρα
4,Assos,Premium Red 100s,Τσιγάρα - Καπνοί - Πούρα
3.5,Assos,Premium Red 23s,Τσιγάρα - Καπνοί - Πούρα
4,Assos,Premium Gold 100s,Τσιγάρα - Καπνοί - Πούρα
3.5,Assos,Premium Red 20s,Τσιγάρα - Καπνοί - Πούρα
4,Assos,Premium Gold 23s,Τσιγάρα - Καπνοί - Πούρα
3.5,Assos,Premium Silver Blue 20s,Τσιγάρα - Καπνοί - Πούρα
4,Assos,Premium Silver Blue 25s,Τσιγάρα - Καπνοί - Πούρα
4,Assos,Premium White 25s,Τσιγάρα - Καπνοί - Πούρα
4,Assos,Super 100s,Τσιγάρα - Καπνοί - Πούρα
4,Astor,Φίλτρο Μαλακό,Τσιγάρα - Καπνοί - Πούρα
4,Backwoods,Banana 5T,Τσιγάρα - Καπνοί - Πούρα
4,Backwoods,Vanilla 5T,Τσιγάρα - Καπνοί - Πούρα
4,Backwoods,Original 5T,Τσιγάρα - Καπνοί - Πούρα
4,Backwoods,Honey 5T,Τσιγάρα - Καπνοί - Πούρα
4.5,Benson & Hedges,Gold ,Τσιγάρα - Καπνοί - Πούρα
4.5,Benson & Hedges,Silver Slide,Τσιγάρα - Καπνοί - Πούρα
4,BF,Blue 20s,Τσιγάρα - Καπνοί - Πούρα
4,BF,Blue 100s,Τσιγάρα - Καπνοί - Πούρα
4,BF,Mauve 20s,Τσιγάρα - Καπνοί - Πούρα
4,BF,Orange 20s,Τσιγάρα - Καπνοί - Πούρα
4,BF,Red 20s,Τσιγάρα - Καπνοί - Πούρα
4,BF,Silver 20s,Τσιγάρα - Καπνοί - Πούρα
5.4,Black Devil,Καπνός 25g,Τσιγάρα - Καπνοί - Πούρα
7,Black Devil,Καπνός 30g,Τσιγάρα - Καπνοί - Πούρα
4,Black Devil,Original 20s,Τσιγάρα - Καπνοί - Πούρα
3,Break,Blue Filter Cigarillos,Τσιγάρα - Καπνοί - Πούρα
3,Break,Original Filter Cigarillos,Τσιγάρα - Καπνοί - Πούρα
3.9,Assos,Κόκκινο 25s,Τσιγάρα - Καπνοί - Πούρα
3.5,Assos,Κόκκινο Σκληρό 20s,Τσιγάρα - Καπνοί - Πούρα
3.5,Assos,Μπλέ 20s,Τσιγάρα - Καπνοί - Πούρα
4,Assos,Κόκκινο 100s,Τσιγάρα - Καπνοί - Πούρα
3.7,Camel,Activate Freshness,Τσιγάρα - Καπνοί - Πούρα
3.7,Camel,Activate Superslims,Τσιγάρα - Καπνοί - Πούρα
3.7,Camel,Μαύρο,Τσιγάρα - Καπνοί - Πούρα
3.7,Camel,Μπλέ Μαλακό,Τσιγάρα - Καπνοί - Πούρα
3.7,Camel,Μπλέ Σκληρό,Τσιγάρα - Καπνοί - Πούρα
3.7,Camel,Ασημί,Τσιγάρα - Καπνοί - Πούρα
3.7,Camel,Άσπρο,Τσιγάρα - Καπνοί - Πούρα
4.2,Camel,Άφιλτρο Μαλακό,Τσιγάρα - Καπνοί - Πούρα
4.2,Camel,Natural Καφέ,Τσιγάρα - Καπνοί - Πούρα
3.7,Camel,Σκληρό,Τσιγάρα - Καπνοί - Πούρα
7,Camel,Καπνός 30g,Τσιγάρα - Καπνοί - Πούρα
3.5,Candlelight,Aromatic Filter 10T,Τσιγάρα - Καπνοί - Πούρα
3.5,Candlelight,Vanilla Filter 10T,Τσιγάρα - Καπνοί - Πούρα
12.75,Cohiba,Club 10s,Τσιγάρα - Καπνοί - Πούρα
18.5,Cohiba,Mini 20t,Τσιγάρα - Καπνοί - Πούρα
3.9,Cooper,International Μπλε 23s,Τσιγάρα - Καπνοί - Πούρα
3.9,Cooper,International Κόκκινο 23s,Τσιγάρα - Καπνοί - Πούρα
3.9,Cooper,Κόκκινο 100s,Τσιγάρα - Καπνοί - Πούρα
3.9,Cooper,Gold ,Τσιγάρα - Καπνοί - Πούρα
4.2,Cortina,Μπλέ 23s,Τσιγάρα - Καπνοί - Πούρα
7,Craven,Καπνός 30g,Τσιγάρα - Καπνοί - Πούρα
7,Craven,Κίτρινος Καπνός 30g,Τσιγάρα - Καπνοί - Πούρα
6.4,Danneman,Moods Φίλτρο 10's,Τσιγάρα - Καπνοί - Πούρα
4.2,Davidoff,Μπλε 20s,Τσιγάρα - Καπνοί - Πούρα
4.2,Davidoff,Μπλε Slims,Τσιγάρα - Καπνοί - Πούρα
4.2,Davidoff,Gold ,Τσιγάρα - Καπνοί - Πούρα
4.2,Davidoff,Gold Slims,Τσιγάρα - Καπνοί - Πούρα
4.2,Davidoff,Gold Superslims,Τσιγάρα - Καπνοί - Πούρα
4.2,Davidoff,Rich Blue,Τσιγάρα - Καπνοί - Πούρα
4.2,Davidoff,Classic,Τσιγάρα - Καπνοί - Πούρα
4.2,Davidoff,Classic Slims,Τσιγάρα - Καπνοί - Πούρα
4.2,Davidoff,Άσπρο,Τσιγάρα - Καπνοί - Πούρα
4.2,Davidoff,Άσπρο Slims,Τσιγάρα - Καπνοί - Πούρα
4.2,Davidoff,Άσπρο Superslims,Τσιγάρα - Καπνοί - Πούρα
7,Drum,Blond Καπνός 30g,Τσιγάρα - Καπνοί - Πούρα
7,Drum,White Καπνός 30g,Τσιγάρα - Καπνοί - Πούρα
7,Drum,Classic Μπλέ Καπνός 30g,Τσιγάρα - Καπνοί - Πούρα
7,Drum,Natural Flavour 30g,Τσιγάρα - Καπνοί - Πούρα
4.5,Dunhill,Μαύρα Fine Cut ,Τσιγάρα - Καπνοί - Πούρα
4.5,Dunhill,Λευκό Fine Cut,Τσιγάρα - Καπνοί - Πούρα
4.5,Dunhill,Μπλέ Fine Cut,Τσιγάρα - Καπνοί - Πούρα
4.5,Dunhill,International,Τσιγάρα - Καπνοί - Πούρα
4,Gauloises,Κόκκινο 20s,Τσιγάρα - Καπνοί - Πούρα
4,Gauloises,Μπλέ 20s,Τσιγάρα - Καπνοί - Πούρα
4,George Karelias & Sons,Χρυσή Κασετίνα,Τσιγάρα - Καπνοί - Πούρα
4,George Karelias & Sons,Excellence Μπλέ Κασετίνα,Τσιγάρα - Καπνοί - Πούρα
7,George Karelias & Sons,Καπνός 30g,Τσιγάρα - Καπνοί - Πούρα
7,George Karelias & Sons,Άσπρος Καπνός 30g,Τσιγάρα - Καπνοί - Πούρα
7,George Karelias & Sons,Μπλέ 30g,Τσιγάρα - Καπνοί - Πούρα
4,George Karelias & Sons,Άσπρη Κασετίνα,Τσιγάρα - Καπνοί - Πούρα
4,George Karelias & Sons,Καφέ Κασετίνα,Τσιγάρα - Καπνοί - Πούρα
7,Golden Virginia,Πράσινος Καπνός 30g,Τσιγάρα - Καπνοί - Πούρα
7,Golden Virginia,Κίτρινος Καπνός 30g,Τσιγάρα - Καπνοί - Πούρα
4,GR,Μπλέ 25s,Τσιγάρα - Καπνοί - Πούρα
4,GR,Κόκκινο 25s,Τσιγάρα - Καπνοί - Πούρα
4,GR,Άσπρο 25s,Τσιγάρα - Καπνοί - Πούρα
4,GR,Μπλέ Slims,Τσιγάρα - Καπνοί - Πούρα
4,GR,Άσπρο Slims,Τσιγάρα - Καπνοί - Πούρα
7,Golden Virginia,Ροζ Καπνός 30g,Τσιγάρα - Καπνοί - Πούρα
1.8,Handelsgold,Sweet Cherry Πουράκια 5s,Τσιγάρα - Καπνοί - Πούρα
1.8,Handelsgold,Apple Πουράκια 5s,Τσιγάρα - Καπνοί - Πούρα
1.8,Handelsgold,Chocolate Πουράκια 5s,Τσιγάρα - Καπνοί - Πούρα
1.8,Handelsgold,Peach Πουράκια 5s,Τσιγάρα - Καπνοί - Πούρα
1.8,Handelsgold,Vanilla Πουράκια 5s,Τσιγάρα - Καπνοί - Πούρα
10.5,Jose L. Pierda,Cremas Πούρα 5s,Τσιγάρα - Καπνοί - Πούρα
7.3,Jose L. Pierda,Petit Cazadores Πούρα 5Τ,Τσιγάρα - Καπνοί - Πούρα
3.5,John Player Special,Άσπρο 20s,Τσιγάρα - Καπνοί - Πούρα
3.5,John Player Special,Μαύρο 20s,Τσιγάρα - Καπνοί - Πούρα
3.5,John Player Special,Μπλέ 20s,Τσιγάρα - Καπνοί - Πούρα
3.5,John Player Special,Slims Μωβ,Τσιγάρα - Καπνοί - Πούρα
3.5,Karelia,Μπλέ 100s,Τσιγάρα - Καπνοί - Πούρα
3.5,Karelia,Μπλέ,Τσιγάρα - Καπνοί - Πούρα
3.5,Karelia,Μπλέ Μαλακό,Τσιγάρα - Καπνοί - Πούρα
7,George Karelias & Sons,Oriental Mist 30g,Τσιγάρα - Καπνοί - Πούρα
3.5,Karelia,Slims Άσπρα,Τσιγάρα - Καπνοί - Πούρα
3.5,Karelia,Slims Lights Μπλέ,Τσιγάρα - Καπνοί - Πούρα
3.5,Karelia,Άσπρο 100s,Τσιγάρα - Καπνοί - Πούρα
3.5,Karelia,Άσπρο 25s,Τσιγάρα - Καπνοί - Πούρα
4,George Karelias & Sons,Filters Πορτοκαλί Σκληρό,Τσιγάρα - Καπνοί - Πούρα
4,George Karelias & Sons,Filters Πορτοκαλί Μαλακό,Τσιγάρα - Καπνοί - Πούρα
4,George Karelias & Sons,Filters Μπλέ Σκληρό,Τσιγάρα - Καπνοί - Πούρα
4,George Karelias & Sons,Filters Μπλέ Μαλακό,Τσιγάρα - Καπνοί - Πούρα
4,Karelia,Φίτρο Κασετίνα,Τσιγάρα - Καπνοί - Πούρα
3.5,L&M,Μπλέ 100s,Τσιγάρα - Καπνοί - Πούρα
3.5,L&M,Μπλέ Σκληρό 20s,Τσιγάρα - Καπνοί - Πούρα
3.5,L&M,Extra Slims ,Τσιγάρα - Καπνοί - Πούρα
3.5,L&M,Κόκκινο Σκληρό 22s,Τσιγάρα - Καπνοί - Πούρα
3.5,L&M,Κόκκινο 100s,Τσιγάρα - Καπνοί - Πούρα
3.5,L&M,Silver Blue,Τσιγάρα - Καπνοί - Πούρα
3.5,L&M,Silver,Τσιγάρα - Καπνοί - Πούρα
12.5,La Paz ,Wilde Primeros 20T,Τσιγάρα - Καπνοί - Πούρα
7,L&M,Μπλέ Καπνός 30g,Τσιγάρα - Καπνοί - Πούρα
7,L&M,Κόκκινος Καπνός 30g,Τσιγάρα - Καπνοί - Πούρα
3.5,Leader,Μπλέ,Τσιγάρα - Καπνοί - Πούρα
3.5,Leader,Κόκκινο ,Τσιγάρα - Καπνοί - Πούρα
3.5,Leader,Σιέλ,Τσιγάρα - Καπνοί - Πούρα
7,Lucky Strike,Καπνός 30g,Τσιγάρα - Καπνοί - Πούρα
4,Lucky Strike,Μπλέ Σκληρό,Τσιγάρα - Καπνοί - Πούρα
4,Lucky Strike,Μπλέ Μαλακό,Τσιγάρα - Καπνοί - Πούρα
4,Lucky Strike,Click & Roll,Τσιγάρα - Καπνοί - Πούρα
4,Lucky Strike,Κόκκινο Σκληρό,Τσιγάρα - Καπνοί - Πούρα
4,Lucky Strike,Κόκκινο Μαλακό,Τσιγάρα - Καπνοί - Πούρα
7,Marlboro,Additive Free Καπνός 30g,Τσιγάρα - Καπνοί - Πούρα
7,Marlboro,Gold Καπνός 30g,Τσιγάρα - Καπνοί - Πούρα
7,Marlboro,Touch Καπνός 30g,Τσιγάρα - Καπνοί - Πούρα
7,Marlboro,Κόκκινος Καπνός 30g,Τσιγάρα - Καπνοί - Πούρα
4,Marlboro,Gold Σκληρό,Τσιγάρα - Καπνοί - Πούρα
4,Marlboro,Gold Μαλακό,Τσιγάρα - Καπνοί - Πούρα
4,Marlboro,Gold 100s,Τσιγάρα - Καπνοί - Πούρα
4,Marlboro,Gold Pocket Σκληρό,Τσιγάρα - Καπνοί - Πούρα
4,Marlboro,Gold Pocket Μαλακό,Τσιγάρα - Καπνοί - Πούρα
4,Marlboro,Gold Silver Σκληρό,Τσιγάρα - Καπνοί - Πούρα
4,Marlboro,Gold Touch Σκληρό,Τσιγάρα - Καπνοί - Πούρα
4,Marlboro,Κόκκινο Σκληρό,Τσιγάρα - Καπνοί - Πούρα
4,Marlboro,Κόκκινο Μαλακό,Τσιγάρα - Καπνοί - Πούρα
4,Marlboro,Κόκκινο 100s,Τσιγάρα - Καπνοί - Πούρα
4,Marlboro,Κόκκινο Pocket Σκληρό,Τσιγάρα - Καπνοί - Πούρα
4,Marlboro,Κόκκινο Pocket Μαλακό,Τσιγάρα - Καπνοί - Πούρα
4,Marlboro,Touch Σκληρό,Τσιγάρα - Καπνοί - Πούρα
4,Marlboro,Touch Slim,Τσιγάρα - Καπνοί - Πούρα
3.5,Maxim,Slims,Τσιγάρα - Καπνοί - Πούρα
9,Meharis,Java 20T Πουράκια,Τσιγάρα - Καπνοί - Πούρα
9,Meharis,Brasil 20T Πουράκια,Τσιγάρα - Καπνοί - Πούρα
9,Meharis,Sweet Orient 20T Πουράκια,Τσιγάρα - Καπνοί - Πούρα
9,Meharis,Ecuador 20T Πουράκια,Τσιγάρα - Καπνοί - Πούρα
6.2,Moods,Filter Golden Taste 20T Πουράκια,Τσιγάρα - Καπνοί - Πούρα
4.2,More,Κόκκινο 120s,Τσιγάρα - Καπνοί - Πούρα
4.2,More,Πράσινο 120s,Τσιγάρα - Καπνοί - Πούρα
3.7,Murati,Ambassador,Τσιγάρα - Καπνοί - Πούρα
7,Old Holborn,Άσπρος Καπνός 30g,Τσιγάρα - Καπνοί - Πούρα
7,Old Holborn,Κίτρινος Καπνός 30g,Τσιγάρα - Καπνοί - Πούρα
7,Old Holborn,Αρωματικός Καπνός 30g,Τσιγάρα - Καπνοί - Πούρα
7,Old Holborn,Μπλέ Καπνός 30g,Τσιγάρα - Καπνοί - Πούρα
7,Old Holborn,Πράσινος Καπνός 30g,Τσιγάρα - Καπνοί - Πούρα
3.5,Ome,Slim Πορτοκαλί,Τσιγάρα - Καπνοί - Πούρα
3.9,Pall Mall,Μπλέ 23s,Τσιγάρα - Καπνοί - Πούρα
3.9,Pall Mall,Μπλέ 100s,Τσιγάρα - Καπνοί - Πούρα
3.9,Pall Mall,Κόκκινο 23s,Τσιγάρα - Καπνοί - Πούρα
3.9,Pall Mall,Κόκκινο 100s,Τσιγάρα - Καπνοί - Πούρα
3.9,Pall Mall,Ασημί 23s,Τσιγάρα - Καπνοί - Πούρα
3.9,Pall Mall,Ασημί 100s,Τσιγάρα - Καπνοί - Πούρα
3.9,Pall Mall,Πορτοκαλί 23s,Τσιγάρα - Καπνοί - Πούρα
3.9,Pall Mall,Πορτοκαλί 100s,Τσιγάρα - Καπνοί - Πούρα
4,Pall Mall,Manhatan 23s,Τσιγάρα - Καπνοί - Πούρα
3.9,Pall Mall,Super Slim Πορτοκαλί,Τσιγάρα - Καπνοί - Πούρα
3.9,Pall Mall,Super Slim Μπλέ,Τσιγάρα - Καπνοί - Πούρα
3.9,Pall Mall,Super Slim Aromatic,Τσιγάρα - Καπνοί - Πούρα
7,Pall Mall,Καπνός 30g,Τσιγάρα - Καπνοί - Πούρα
4,Philip Morris ,Μπλέ 23s,Τσιγάρα - Καπνοί - Πούρα
4,Philip Morris ,One 20s,Τσιγάρα - Καπνοί - Πούρα
4,Philip Morris ,Μπλέ 20s,Τσιγάρα - Καπνοί - Πούρα
4,Philip Morris ,One 23s,Τσιγάρα - Καπνοί - Πούρα
4,Philip Morris ,Navy Μπλέ 20s,Τσιγάρα - Καπνοί - Πούρα
4,Philip Morris ,Navy Μπλέ 23s,Τσιγάρα - Καπνοί - Πούρα
4,Philip Morris ,Quantum Κόκκινο 23s,Τσιγάρα - Καπνοί - Πούρα
4,Philip Morris ,Gold 23s,Τσιγάρα - Καπνοί - Πούρα
3.5,Philip Morris ,Super Slims,Τσιγάρα - Καπνοί - Πούρα
3.5,Philip Morris ,Slims Μπλέ,Τσιγάρα - Καπνοί - Πούρα
4,Prince,Κόκκινο Σκληρό,Τσιγάρα - Καπνοί - Πούρα
4,Prince,Κόκκινο Μαλακό,Τσιγάρα - Καπνοί - Πούρα
7,Philip Morris ,Καπνός 30g,Τσιγάρα - Καπνοί - Πούρα
4,Prince,Άσπρο Σκληρό,Τσιγάρα - Καπνοί - Πούρα
4,Prince,Άσπρο Μαλακό,Τσιγάρα - Καπνοί - Πούρα
4,Prince,Μαύρο,Τσιγάρα - Καπνοί - Πούρα
3.7,R1,Slimline Σιέλ,Τσιγάρα - Καπνοί - Πούρα
3.7,R1,Slimline Μπλέ,Τσιγάρα - Καπνοί - Πούρα
3.7,R1,Slimline Gold,Τσιγάρα - Καπνοί - Πούρα
3.5,Rex,Σιέλ,Τσιγάρα - Καπνοί - Πούρα
3.5,Rex,Μπλέ,Τσιγάρα - Καπνοί - Πούρα
4.2,Rothmans,Μπλέ,Τσιγάρα - Καπνοί - Πούρα
4.2,Rothmans,International,Τσιγάρα - Καπνοί - Πούρα
4.2,Rothmans,Κόκκινο,Τσιγάρα - Καπνοί - Πούρα
10.7,Skandinavik,Aromatic 40g,Τσιγάρα - Καπνοί - Πούρα
10.7,Skandinavik,Regular 40g,Τσιγάρα - Καπνοί - Πούρα
10.7,Skandinavik,Mixture 40g,Τσιγάρα - Καπνοί - Πούρα
10.7,Skandinavik,White 40g,Τσιγάρα - Καπνοί - Πούρα
10.7,Skandinavik,Vanilla 40g,Τσιγάρα - Καπνοί - Πούρα
4,Silk Cut,Λευκό Silver,Τσιγάρα - Καπνοί - Πούρα
4,Silk Cut,Μπλέ,Τσιγάρα - Καπνοί - Πούρα
4,Silk Cut,Μωβ,Τσιγάρα - Καπνοί - Πούρα
4,Silk Cut,Κίτρινο ,Τσιγάρα - Καπνοί - Πούρα
4,Silk Cut,Superslims Λευκό,Τσιγάρα - Καπνοί - Πούρα
4,Silk Cut,Superslims Μωβ,Τσιγάρα - Καπνοί - Πούρα
4.2,Silk Cut,Λευκό 100s,Τσιγάρα - Καπνοί - Πούρα
4.2,Silk Cut,Μωβ 100s,Τσιγάρα - Καπνοί - Πούρα
4,Silk Cut,Slims Μωβ,Τσιγάρα - Καπνοί - Πούρα
4,Silk Cut,Slims Κίτρινο,Τσιγάρα - Καπνοί - Πούρα
4,Silk Cut,Slims Silver Λευκό,Τσιγάρα - Καπνοί - Πούρα
4,Stuyvesant,Μπλέ Σκληρό 20s,Τσιγάρα - Καπνοί - Πούρα
4,Stuyvesant,Μπλέ Μαλακό,Τσιγάρα - Καπνοί - Πούρα
4,Stuyvesant,Μπλέ 100s,Τσιγάρα - Καπνοί - Πούρα
4,Stuyvesant,Κόκκινο Σκληρό 20s,Τσιγάρα - Καπνοί - Πούρα
4,Stuyvesant,Κόκκινο Μαλακό,Τσιγάρα - Καπνοί - Πούρα
4,Stuyvesant,Κόκκινο 100s,Τσιγάρα - Καπνοί - Πούρα
4,Stuyvesant,Λευκό Σκληρό 22s,Τσιγάρα - Καπνοί - Πούρα
4,Stuyvesant,Λευκό 100s,Τσιγάρα - Καπνοί - Πούρα
4,Stuyvesant,Silver Μπλέ Σκληρό 22s,Τσιγάρα - Καπνοί - Πούρα
4,Stuyvesant,Silver Σκληρό 22s,Τσιγάρα - Καπνοί - Πούρα
4,Stuyvesant,Πορτοκαλί Σκληρό 23s,Τσιγάρα - Καπνοί - Πούρα
4.5,Saint Louis Blues,Fine Aromatic Blend 5τ Πουράκια,Τσιγάρα - Καπνοί - Πούρα
5,Toscano,Toscanello Πουράκια,Τσιγάρα - Καπνοί - Πούρα
5,Toscano,Toscanello Aroma Caffe Πουράκια,Τσιγάρα - Καπνοί - Πούρα
7,Van Nelle,Μπλέ Καπνός 30g,Τσιγάρα - Καπνοί - Πούρα
4,West,Κόκκινο 100s,Τσιγάρα - Καπνοί - Πούρα
4,West,Ασημί 100s,Τσιγάρα - Καπνοί - Πούρα
4,Winston,Μπλέ Σκληρό 20s,Τσιγάρα - Καπνοί - Πούρα
4,Winston,Μπλέ 100s,Τσιγάρα - Καπνοί - Πούρα
4,Winston,Μπλέ Μαλακό 20s,Τσιγάρα - Καπνοί - Πούρα
4,Winston,Μπλέ Σκληρό 24s,Τσιγάρα - Καπνοί - Πούρα
4,Winston,Κόκκινο Σκληρό 20s,Τσιγάρα - Καπνοί - Πούρα
4,Winston,Κόκκινο Σκληρό 22s,Τσιγάρα - Καπνοί - Πούρα
4,Winston,Κόκκινο Μαλακό 24s,Τσιγάρα - Καπνοί - Πούρα
4,Winston,Κόκκινο 100s,Τσιγάρα - Καπνοί - Πούρα
4,Winston,Λευκό 20s,Τσιγάρα - Καπνοί - Πούρα
4,Winston,Extra Slim Λευκό,Τσιγάρα - Καπνοί - Πούρα
4,Winston,Extra Slim Μπλέ,Τσιγάρα - Καπνοί - Πούρα
4,Winston,Extra Slim Ασημί,Τσιγάρα - Καπνοί - Πούρα
0.5,Drum,Μπλέ Χαρτακια Μικρά 50Τ,Χαρτάκια - Φιλτράκια
2,Elements Roller,Χαρτακια King Size,Χαρτάκια - Φιλτράκια
0.5,Evans,Tar-Get Super Slim Πιπάκια,Χαρτάκια - Φιλτράκια
0.5,Evans,Tar-Get Slim Πιπάκια,Χαρτάκια - Φιλτράκια
0.5,Gizeh,Extra Slim Χαρτακια 66T,Χαρτάκια - Φιλτράκια
0.5,Gizeh,Extra Slim Super Fine Χαρτάκια 100Τ,Χαρτάκια - Φιλτράκια
1,Gizeh,Extra Slim Διπλά Χαρτάκια Πράσινο,Χαρτάκια - Φιλτράκια
0.5,Marlboro,Extra Slim Φιλτράκια 60Τ,Χαρτάκια - Φιλτράκια
1,Marlboro,Extra Slim Φιλτράκια 120Τ,Χαρτάκια - Φιλτράκια
0.5,Marlboro,Χαρτακια,Χαρτάκια - Φιλτράκια
0.5,Marlboro,Gold Χαρτακια,Χαρτάκια - Φιλτράκια
0.6,Ocb,Ultra Slim Premium Φιλτράκια,Χαρτάκια - Φιλτράκια
1,Ocb,Filter Tips,Χαρτάκια - Φιλτράκια
1.2,Ocb,Μαυρα Premium Μεγάλα 33L,Χαρτάκια - Φιλτράκια
0.5,Ocb,Μαύρα Μικρά 50L,Χαρτάκια - Φιλτράκια
0.5,Ocb,Οργανικά Χαρτάκια,Χαρτάκια - Φιλτράκια
0.5,Ocb,Άσπρα Χαρτάκια,Χαρτάκια - Φιλτράκια
0.5,Ocb,Γαλάζια Χαρτάκια,Χαρτάκια - Φιλτράκια
2,Ocb,Slim Filters 120FT,Χαρτάκια - Φιλτράκια
0.8,Ocb,X-Pert Χαρτάκια,Χαρτάκια - Φιλτράκια
0.5,Old Holborn,Μπλέ Χαρτακια,Χαρτάκια - Φιλτράκια
0.5,Old Holborn,Ασημί Χαρτάκια,Χαρτάκια - Φιλτράκια
0.5,Old Holborn,Φιλτράκια 54L,Χαρτάκια - Φιλτράκια
1,Old Holborn,Φιλτράκια 120L,Χαρτάκια - Φιλτράκια
0.6,Raw,Original Χαρτάκια Μικρά,Χαρτάκια - Φιλτράκια
0.8,Raw,Organic Hemp 1 1/4 Size Χαρτάκια Μικρά,Χαρτάκια - Φιλτράκια
2,Raw,Φυσικό Ακατέργαστο King Size Μεγάλο + Tips,Χαρτάκια - Φιλτράκια
2,Raw,Φυσικό Ακατέργαστο Μικρο Μονο + Tips,Χαρτάκια - Φιλτράκια
1.2,Raw,Classic King Size Slim,Χαρτάκια - Φιλτράκια
1.2,Raw,Organic Hemp King Size,Χαρτάκια - Φιλτράκια
1.2,Rizzla,Ultra Slim Φιλτράκια 120T,Χαρτάκια - Φιλτράκια
0.5,Rizzla,Ultra Slim Φιλτράκια 60T,Χαρτάκια - Φιλτράκια
1.2,Rizzla,Ultra Slim Με Άνθρακα 120T,Χαρτάκια - Φιλτράκια
0.5,Rizzla,Micron Χαρτάκια,Χαρτάκια - Φιλτράκια
0.5,Rizzla,Ασημί Χαρτάκια,Χαρτάκια - Φιλτράκια
0.5,Rizzla,Γαλάζια Χαρτάκια,Χαρτάκια - Φιλτράκια
0.5,Rizzla,Μπλέ Χαρτάκια,Χαρτάκια - Φιλτράκια
0.5,Rizzla,Πράσινα Χαρτάκια,Χαρτάκια - Φιλτράκια
0.5,Rizzla,Μαύρα Χαρτάκια,Χαρτάκια - Φιλτράκια
0.5,Rizzla,Κόκκινα Χαρτάκια,Χαρτάκια - Φιλτράκια
0.5,Rizzla,Πορτοκαλί Χαρτάκια,Χαρτάκια - Φιλτράκια
0.5,Rizzla,Γλυκόριζα Χαρτάκια,Χαρτάκια - Φιλτράκια
0.5,Rizzla,Άσπρα Χαρτάκια,Χαρτάκια - Φιλτράκια
0.5,Rizzla,Natura Ακατέργαστα,Χαρτάκια - Φιλτράκια
0.5,Rizzla,Μώβ Χαρτάκια,Χαρτάκια - Φιλτράκια
1.5,Rizzla,Slim Φιλτράκια 150Τ,Χαρτάκια - Φιλτράκια
2,Smoking,Deluxe King Size 33T + Tips,Χαρτάκια - Φιλτράκια
1,Swan,Extra Slim Classic Κίτρινο 120T,Χαρτάκια - Φιλτράκια
1,Swan,Extra Slim Classic Κόκκινο 6mm 102T,Χαρτάκια - Φιλτράκια
1,Swan,Extra Slim Μέντα 120Τ,Χαρτάκια - Φιλτράκια
1,Swan,Extra Slim Smooth Με Άνθρακα 120Τ,Χαρτάκια - Φιλτράκια
0.5,Swan,Yellow Pocket Φιλτράκια ,Χαρτάκια - Φιλτράκια
0.5,Swan,Red Pocket Φιλτράκια ,Χαρτάκια - Φιλτράκια
0.5,Πυθία,Ασημί Χαρτάκια,Χαρτάκια - Φιλτράκια
0.5,Πυθία,Πράσινα Χαρτάκια,Χαρτάκια - Φιλτράκια
0.5,Πυθία,Γαλάζια Χαρτάκια,Χαρτάκια - Φιλτράκια
0.5,Πυθία,Μαύρα Χαρτάκια,Χαρτάκια - Φιλτράκια
0.5,Πυθία,Μπλέ Χαρτάκια,Χαρτάκια - Φιλτράκια
0.5,Πυθία,Πορτοκαλί Χαρτάκια,Χαρτάκια - Φιλτράκια
0.5,Χαρτάκια Του Παππού,Ταχεία Καύση Χαρτάκια,Χαρτάκια - Φιλτράκια
0.5,Χαρτάκια Του Παππού,Χωρίς Χλώριο Μπλέ,Χαρτάκια - Φιλτράκια
0.5,Χαρτάκια Του Παππού,Γαλανόλευκα,Χαρτάκια - Φιλτράκια
0.5,Χαρτάκια Του Παππού,Κομμένες Γωνίες,Χαρτάκια - Φιλτράκια
0.5,Χαρτάκια Του Παππού,Κλασικό Ροζ,Χαρτάκια - Φιλτράκια
0.5,Χαρτάκια Του Παππού,Φυτικές Ίνες,Χαρτάκια - Φιλτράκια
0.5,Χαρτάκια Του Παππού,Ριζόχαρτο 100% Χωρίς Χλώριο,Χαρτάκια - Φιλτράκια
0.5,Χαρτάκια Του Παππού,Ριζόχαρτο Βραδεία Καύση,Χαρτάκια - Φιλτράκια
0.5,Χαρτάκια Του Παππού,Ριζόχαρτο Βραδεία Καύση Χωρίς Χλώριο Καφέ,Χαρτάκια - Φιλτράκια
0.5,Χαρτάκια Του Παππού,Ανάγλυφο Ριζόχαρτο Χωρίς Χλώριο Μαύρο,Χαρτάκια - Φιλτράκια
0.5,Χαρτάκια Του Παππού,Ριζόχαρτο 100% Φυτικές Ίνες Ασημί,Χαρτάκια - Φιλτράκια
0.5,Χαρτάκια Του Παππού,Slim 100% Χωρίς Χλώριο,Χαρτάκια - Φιλτράκια
